Cluster Name,Gaia DR3 Name,Membership Probability,Right Ascension (deg),Declination (deg),parallax (milli-arcseconds),GAIA g apparent mag,GAIA colour bp - rp,,,,,
NGC_2477,5538864699096770000,1,118.1275681,-38.64,0.7011,16.822319,1.333842,,,,,
NGC_2477,5538865832968130000,1,118.0989822,-38.6,0.6824,13.9990835,0.858741,,,,,
NGC_2477,5538865867327840000,1,118.1227164,-38.59,0.6823,13.952032,0.789786,,,,,
NGC_2477,5538865970407120000,1,118.065232,-38.59,0.6845,15.753217,1.119286,,,,,
NGC_2477,5538866176565530000,1,118.065129,-38.57,0.6642,15.063182,0.974371,,,,,
NGC_2477,5538865970407130000,1,118.0559458,-38.59,0.6946,13.97221,0.832346,,,,,
NGC_2477,5538865970407130000,1,118.0571199,-38.6,0.6762,15.728511,1.127276,,,,,
NGC_2477,5538866034824610000,1,118.0566158,-38.58,0.6741,17.274725,1.417917,,,,,
NGC_2477,5538506911142310000,1,117.9215605,-38.49,0.6775,14.078584,0.9645765,,,,,
NGC_2477,5538506876782470000,1,117.9330171,-38.49,0.6749,14.626157,1.005155,,,,,
NGC_2477,5538506739343540000,1,117.90849,-38.51,0.6863,16.113052,1.225223,,,,,
NGC_2477,5538506842422740000,1,117.9214349,-38.5,0.6925,12.220226,0.932311,,,,,
NGC_2477,5538507117300650000,1,117.8983467,-38.48,0.6735,15.3111105,1.109083,,,,,
NGC_2477,5538869745683980000,1,118.0962535,-38.49,0.6978,12.624355,0.6985535,,,,,
NGC_2477,5538870059215870000,1,118.0798182,-38.45,0.7013,14.633175,1.0001515,,,,,
NGC_2477,5538869887417230000,1,118.054431,-38.5,0.6813,13.782879,0.792103,,,,,
NGC_2477,5538869887417240000,1,118.049101,-38.5,0.6854,14.059539,0.9670915,,,,,
NGC_2477,5538869921776960000,1,118.0597177,-38.49,0.6651,15.200604,1.025403,,,,,
NGC_2477,5538869372021220000,1,118.0206684,-38.53,0.6799,14.512649,0.894249,,,,,
NGC_2477,5538869372021220000,1,118.0148726,-38.53,0.7011,14.656725,0.948703,,,,,
NGC_2477,5538869372021220000,1,118.0183444,-38.53,0.6992,12.981205,0.651014,,,,,
NGC_2477,5538869402075750000,1,118.0285554,-38.53,0.7066,14.237263,0.863026,,,,,
NGC_2477,5538869406380930000,1,118.0445705,-38.53,0.7033,12.080095,1.3858555,,,,,
NGC_2477,5538869367716010000,1,118.0069491,-38.53,0.6825,13.958637,0.78846,,,,,
NGC_2477,5538869337661510000,1,118.0009195,-38.55,0.6894,13.997074,0.78819,,,,,
NGC_2477,5538869303301740000,1,118.0248584,-38.54,0.7111,15.870505,1.120609,,,,,
NGC_2477,5538869303301800000,1,118.0259231,-38.55,0.7038,15.06117,0.995818,,,,,
NGC_2477,5538869337661500000,1,118.0093653,-38.54,0.6694,12.915653,0.70646,,,,,
NGC_2477,5538869337661500000,1,118.0066872,-38.55,0.6966,15.521752,1.021331,,,,,
NGC_2477,5538869440740650000,1,118.0487923,-38.51,0.6905,12.826206,0.866635,,,,,
NGC_2477,5538869543819850000,1,118.078108,-38.53,0.7001,15.022986,0.986695,,,,,
NGC_2477,5538869578179570000,1,118.0854143,-38.52,0.6917,14.676259,0.925414,,,,,
NGC_2477,5538869509460140000,1,118.0323976,-38.51,0.6932,13.6248255,0.781977,,,,,
NGC_2477,5538869475100420000,1,118.0271811,-38.52,0.6831,13.878993,0.823923,,,,,
NGC_2477,5538870093575750000,1,117.9973631,-38.53,0.6741,14.904424,0.983173,,,,,
NGC_2477,5538870608971790000,1,117.990993,-38.46,0.7017,15.018426,1.064958,,,,,
NGC_2477,5538870226709460000,1,118.0204014,-38.5,0.6901,11.865552,0.821546,,,,,
NGC_2477,5538870265374380000,1,118.030928,-38.49,0.6866,13.828356,0.835347,,,,,
NGC_2477,5538870265374390000,1,118.0237926,-38.49,0.6765,13.151339,0.904943,,,,,
NGC_2477,5538870265374390000,1,118.0168991,-38.49,0.6831,15.140272,1.01364,,,,,
NGC_2477,5538870123630250000,1,117.9994907,-38.51,0.6924,12.3031,0.786344,,,,,
NGC_2477,5538870123630250000,1,117.9993106,-38.52,0.6705,12.886527,0.727996,,,,,
NGC_2477,5538870127935470000,1,117.9987038,-38.51,0.6924,17.02685,1.322951,,,,,
NGC_2477,5538870157994350000,1,117.9860578,-38.52,0.6959,18.122736,1.619667,,,,,
NGC_2477,5538870299730300000,1,118.0131016,-38.49,0.6847,18.536547,1.83128,,,,,
NGC_2477,5538870505892580000,1,117.9895539,-38.48,0.6915,15.311236,1.080844,,,,,
NGC_2477,5538870540252300000,1,118.0020673,-38.47,0.6903,11.628993,1.466392,,,,,
NGC_2477,5538870334093850000,1,118.0197456,-38.47,0.671,13.096106,0.806722,,,,,
NGC_2477,5538870368453650000,1,117.9771381,-38.5,0.6835,15.956195,1.218701,,,,,
NGC_2477,5538866726321260000,1,118.110496,-38.51,0.6975,15.60374,1.113593,,,,,
NGC_2477,5538866520162870000,1,118.0966884,-38.55,0.6925,15.858955,1.112439,,,,,
NGC_2477,5538866623242070000,1,118.0937637,-38.53,0.689,10.458058,1.679959,,,,,
NGC_2477,5538866623238040000,1,118.0948844,-38.53,0.6884,17.047668,1.329083,,,,,
NGC_2477,5538869062783590000,1,118.0203141,-38.56,0.6777,13.308725,0.731889,,,,,
NGC_2477,5538869097143310000,1,118.0397972,-38.55,0.669,13.130747,0.681398,,,,,
NGC_2477,5538869200222590000,1,118.0424854,-38.54,0.6889,14.665594,0.993549,,,,,
NGC_2477,5538869230283460000,1,118.0651901,-38.53,0.6724,13.410716,0.780682,,,,,
NGC_2477,5538869234582210000,1,118.0649121,-38.52,0.6994,12.584878,0.732561,,,,,
NGC_2477,5538869131503030000,1,118.0570932,-38.55,0.6732,14.596979,0.919914,,,,,
NGC_2477,5538869131503030000,1,118.0579992,-38.56,0.6736,14.652081,0.9138795,,,,,
NGC_2477,5538493545203800000,1,118.000755,-38.61,0.6976,15.050359,1.080049,,,,,
NGC_2477,5538493751362400000,1,118.0155123,-38.58,0.7018,14.158669,0.843028,,,,,
NGC_2477,5538493785721950000,1,117.9694001,-38.61,0.7016,12.995518,0.760673,,,,,
NGC_2477,5538493682642910000,1,118.0311332,-38.59,0.6756,11.221507,0.312567,,,,,
NGC_2477,5538494816514300000,1,117.9611353,-38.54,0.6981,11.891389,0.726271,,,,,
NGC_2477,5538494846569000000,1,117.9665647,-38.53,0.6859,15.62665,1.148109,,,,,
NGC_2477,5538494644715710000,1,117.9631357,-38.56,0.6798,14.881318,0.927311,,,,,
NGC_2477,5538494850874020000,1,117.9795232,-38.53,0.6925,12.539389,0.74297,,,,,
NGC_2477,5538495057032460000,1,117.9609905,-38.51,0.691,13.277126,0.840638,,,,,
NGC_2477,5538495057032470000,1,117.9597453,-38.52,0.6761,13.089137,0.666308,,,,,
NGC_2477,5538495022668580000,1,117.9435117,-38.53,0.6792,18.230068,1.746916,,,,,
NGC_2477,5538494984007990000,1,117.9370614,-38.53,0.6913,14.722557,0.942836,,,,,
NGC_2477,5538494988313020000,1,117.9247368,-38.53,0.6906,12.711356,0.76978,,,,,
NGC_2477,5538494193733680000,1,117.9248643,-38.59,0.6865,18.239183,1.749609,,,,,
NGC_2477,5538494198038780000,1,117.9336828,-38.6,0.6713,13.155695,0.888432,,,,,
NGC_2477,5538494266758230000,1,117.9125465,-38.58,0.6862,14.529237,0.926482,,,,,
NGC_2477,5538490418467660000,1,118.052179,-38.63,0.7077,12.108682,0.7363785,,,,,
NGC_2477,5538490727705410000,1,118.0376884,-38.6,0.7107,12.416719,0.807166,,,,,
NGC_2477,5538490689039430000,1,118.0253326,-38.62,0.6696,13.490481,0.741943,,,,,
NGC_2477,5538882325642640000,1,117.9746244,-38.46,0.6838,14.305229,1.010759,,,,,
NGC_2477,5538870505892570000,0.99928486,118.003271,-38.48,0.692,11.931829,1.460893,,,,,
NGC_2477,5538869646899040000,0.99835155,118.0815794,-38.49,0.6611,15.339164,1.031366,,,,,
NGC_2477,5538866932479610000,0.99792696,118.2357001,-38.55,0.6783,13.950281,0.873795,,,,,
NGC_2477,5538866554522580000,0.99792696,118.1169754,-38.54,0.6787,13.370077,0.720003,,,,,
NGC_2477,5538493682642910000,0.99469933,118.0253409,-38.58,0.6806,13.539188,0.802583,,,,,
NGC_2477,5538493613923460000,0.99433157,117.9995381,-38.59,0.6938,13.68847,0.876494,,,,,
NGC_2477,5538869372021220000,0.99424567,118.0187821,-38.52,0.7119,15.497672,1.043701,,,,,
NGC_2477,5538506395746180000,0.99128588,117.8815065,-38.53,0.6844,14.07653,0.905084,,,,,
NGC_2477,5538882256923130000,0.99070475,117.9391223,-38.46,0.6884,13.25212,0.797588,,,,,
NGC_2477,5538495057032470000,0.98713731,117.9556635,-38.52,0.6784,14.183982,0.873857,,,,,
NGC_2477,5538494915287240000,0.98713731,117.941305,-38.55,0.6878,13.665389,0.779253,,,,,
NGC_2477,5538490723405220000,0.98573019,118.0363096,-38.61,0.6849,18.493616,1.76612,,,,,
NGC_2477,5538866309699300000,0.98461452,118.1086494,-38.56,0.6929,12.725667,0.697559,,,,,
NGC_2477,5538869303301740000,0.98370021,118.0256016,-38.53,0.6998,12.209301,0.71354,,,,,
NGC_2477,5538866618943350000,0.9828701,118.1047013,-38.53,0.676,13.466383,0.7422615,,,,,
NGC_2477,5538866039126610000,0.98267107,118.050853,-38.59,0.6813,15.444265,1.0798795,,,,,
NGC_2477,5538866348364150000,0.97971915,118.1256384,-38.55,0.6751,15.431362,1.0339145,,,,,
NGC_2477,5538864694794770000,0.97888019,118.1263439,-38.65,0.6766,17.480621,1.628099,,,,,
NGC_2477,5538114694729030000,0.97854758,118.2112396,-38.59,0.6743,14.89733,1.05987,,,,,
NGC_2477,5538116275276960000,0.97805545,118.2723597,-38.56,0.6796,14.031984,0.977744,,,,,
NGC_2477,5538865936047460000,0.97785555,118.1060741,-38.58,0.6938,14.0379925,0.816931,,,,,
NGC_2477,5538869749978240000,0.97769101,118.092488,-38.5,0.6903,14.707672,0.922425,,,,,
NGC_2477,5538493678336660000,0.97584427,118.0291108,-38.58,0.6998,12.165841,0.720757,,,,,
NGC_2477,5538882497441300000,0.97523676,117.9349398,-38.44,0.6893,14.101963,0.927384,,,,,
NGC_2477,5538506601904610000,0.97468644,117.869634,-38.52,0.6811,13.343045,0.82144,,,,,
NGC_2477,5538869367726860000,0.97240362,118.0169823,-38.52,0.692,13.708071,0.861457,,,,,
NGC_2477,5538869406380940000,0.97227207,118.0330122,-38.52,0.7138,15.857723,1.095165,,,,,
NGC_2477,5538493987575400000,0.97227207,117.9765459,-38.56,0.7036,17.600777,1.506,,,,,
NGC_2477,5538489593833960000,0.97004886,118.0669838,-38.65,0.6765,14.236416,0.878259,,,,,
NGC_2477,5538506704983810000,0.96660129,117.9007031,-38.52,0.6912,16.462154,1.247803,,,,,
NGC_2477,5538493820081890000,0.96542455,117.988025,-38.58,0.6767,15.647354,1.077652,,,,,
NGC_2477,5538495057032460000,0.96400576,117.9569506,-38.51,0.7056,15.632155,1.105534,,,,,
NGC_2477,5538508251172020000,0.96185325,117.8623679,-38.42,0.691,16.44595,1.333333,,,,,
NGC_2477,5538865455010950000,0.96183881,118.1560472,-38.59,0.6913,13.180393,0.7560905,,,,,
NGC_2477,5538506906835920000,0.96180844,117.9187036,-38.48,0.6921,12.985951,0.942499,,,,,
NGC_2477,5538490624626080000,0.96153264,118.042981,-38.62,0.6915,14.673186,0.976925,,,,,
NGC_2477,5538494301117970000,0.95946203,117.9252869,-38.57,0.6858,14.408821,1.017015,,,,,
NGC_2477,5538869337661500000,0.95734586,118.0007587,-38.54,0.6862,13.783143,0.83261,,,,,
NGC_2477,5538869612539320000,0.95566417,118.0738924,-38.51,0.6791,13.996882,0.851364,,,,,
NGC_2477,5538870059215870000,0.95448659,118.0827747,-38.46,0.6951,16.337196,1.292578,,,,,
NGC_2477,5538866588882340000,0.95335195,118.0928707,-38.54,0.6916,14.663852,0.903592,,,,,
NGC_2477,5538869161563980000,0.95335195,118.0733963,-38.54,0.6804,13.650919,0.733996,,,,,
NGC_2477,5538869883118500000,0.95320738,118.0559116,-38.49,0.6671,18.139502,1.716686,,,,,
NGC_2477,5538865351931880000,0.95058477,118.1810171,-38.6,0.6831,15.36332,1.074962,,,,,
NGC_2477,5538867104278320000,0.94978982,118.2045565,-38.55,0.6725,15.378264,1.053906,,,,,
NGC_2477,5538865695529220000,0.94973998,118.0721549,-38.62,0.7032,16.856253,1.328104,,,,,
NGC_2477,5538506327026700000,0.94927821,117.8931945,-38.54,0.6841,12.965873,0.753193,,,,,
NGC_2477,5538869921776950000,0.94874233,118.0577792,-38.47,0.6831,16.210278,1.202708,,,,,
NGC_2477,5538506563239810000,0.9471233,117.8533489,-38.53,0.6742,16.704193,1.335651,,,,,
NGC_2477,5538866657601770000,0.94562119,118.1305995,-38.53,0.665,13.682185,0.828319,,,,,
NGC_2477,5538869539521100000,0.94285981,118.0859562,-38.52,0.7203,15.688076,1.095802,,,,,
NGC_2477,5538870196654950000,0.94217308,117.9958445,-38.51,0.6962,13.099079,0.742848,,,,,
NGC_2477,5538883425154230000,0.94192712,117.9272584,-38.42,0.6801,13.758227,0.897969,,,,,
NGC_2477,5538869951831550000,0.94138421,118.0732361,-38.48,0.6795,14.902328,0.988347,,,,,
NGC_2477,5538490452827500000,0.94089593,118.0600996,-38.62,0.7153,15.5957155,1.1354535,,,,,
NGC_2477,5538506567544510000,0.9406788,117.8647963,-38.54,0.6861,14.671882,0.946348,,,,,
NGC_2477,5538870952569120000,0.94036729,118.0204912,-38.45,0.6887,13.706485,0.894553,,,,,
NGC_2477,5538869092838110000,0.94011281,118.0341581,-38.56,0.6946,12.769902,0.7390645,,,,,
NGC_2477,5538493991880580000,0.94006887,117.9762772,-38.57,0.7084,14.623205,1.08716,,,,,
NGC_2477,5538870231017440000,0.94000073,118.0220884,-38.51,0.6905,15.606592,1.104683,,,,,
NGC_2477,5538869062783590000,0.93854599,118.0272812,-38.56,0.7041,11.808885,1.308004,,,,,
NGC_2477,5538114488570610000,0.93837204,118.2086859,-38.63,0.6853,14.570734,0.993961,,,,,
NGC_2477,5538493682642920000,0.93654212,118.016913,-38.59,0.7185,12.735075,0.675129,,,,,
NGC_2477,5538493682642920000,0.93648127,118.0191008,-38.59,0.717,17.187103,1.392337,,,,,
NGC_2477,5538866073486330000,0.93574386,118.0574338,-38.58,0.6729,16.958971,1.318009,,,,,
NGC_2477,5538866417083590000,0.9340102,118.1527921,-38.54,0.655,14.478568,0.997262,,,,,
NGC_2477,5538508285531760000,0.93144344,117.8504489,-38.42,0.6794,13.0763,0.915022,,,,,
NGC_2477,5538494232398510000,0.92906534,117.9408406,-38.59,0.6846,14.973896,1.0304925,,,,,
NGC_2477,5538869058478380000,0.9271689,118.0237823,-38.57,0.6783,13.258751,0.783008,,,,,
NGC_2477,5538866588882350000,0.92689146,118.0885001,-38.54,0.6767,14.000534,0.776744,,,,,
NGC_2477,5538493682642910000,0.92654773,118.0257327,-38.58,0.6697,13.472028,0.7294985,,,,,
NGC_2477,5538493579565650000,0.92553751,117.9826634,-38.6,0.6962,12.770156,0.814407,,,,,
NGC_2477,5538493923161100000,0.92519215,117.989569,-38.58,0.6958,16.898697,1.2963,,,,,
NGC_2477,5538489353315830000,0.92383148,118.100736,-38.67,0.7,14.54844,1.000588,,,,,
NGC_2477,5538870093575750000,0.92376778,117.994602,-38.54,0.6691,13.331062,0.7216355,,,,,
NGC_2477,5538882737959400000,0.92336547,117.9954857,-38.43,0.682,14.225229,0.9644065,,,,,
NGC_2477,5538869543819850000,0.92227749,118.0717158,-38.53,0.6639,16.15909,1.186368,,,,,
NGC_2477,5538493923161100000,0.92227749,117.9954119,-38.58,0.6751,13.451128,0.684599,,,,,
NGC_2477,5538870540248430000,0.92016521,118.0029996,-38.46,0.6945,19.669472,1.781376,,,,,
NGC_2477,5538866520162850000,0.91916296,118.1056722,-38.54,0.7031,16.90749,1.319924,,,,,
NGC_2477,5538494679075370000,0.91843784,117.9460013,-38.56,0.6974,11.059881,1.308227,,,,,
NGC_2477,5538870093575750000,0.91803801,117.987937,-38.53,0.7187,14.276526,0.9692375,,,,,
NGC_2477,5538871571044330000,0.91796748,118.1004008,-38.43,0.6819,15.751845,1.17334,,,,,
NGC_2477,5538882531801040000,0.91640646,117.9172305,-38.44,0.6781,17.069933,1.417571,,,,,
NGC_2477,5538506327026370000,0.9163814,117.8939731,-38.55,0.6723,15.537456,1.089242,,,,,
NGC_2477,5538506189587410000,0.91631945,117.8740412,-38.57,0.6819,15.153857,1.021526,,,,,
NGC_2477,5538870162295230000,0.91631945,117.9824047,-38.52,0.6992,15.850509,1.094408,,,,,
NGC_2477,5538869028423840000,0.91631945,118.0424049,-38.57,0.7013,11.67964,0.741057,,,,,
NGC_2477,5538493407764810000,0.91631945,117.9552482,-38.61,0.6935,13.296901,0.777163,,,,,
NGC_2477,5538494262453190000,0.91631945,117.9206658,-38.58,0.6774,18.211498,1.752423,,,,,
NGC_2477,5538506979861790000,0.91623816,117.8786702,-38.5,0.6708,14.747098,1.063438,,,,,
NGC_2477,5538495022672740000,0.91557889,117.943207,-38.53,0.7093,11.541508,1.4728455,,,,,
NGC_2477,5538866107846040000,0.91555077,118.0877526,-38.58,0.6942,11.740291,1.414451,,,,,
NGC_2477,5538865764248700000,0.91524192,118.0628597,-38.61,0.7081,14.095258,0.857606,,,,,
NGC_2477,5538493957520830000,0.91495836,118.0056073,-38.57,0.6661,14.778443,0.989491,,,,,
NGC_2477,5538869646899050000,0.91477665,118.0744032,-38.51,0.6703,13.208083,0.719211,,,,,
NGC_2477,5538869062783580000,0.91477665,118.0283272,-38.56,0.6717,15.191238,0.989169,,,,,
NGC_2477,5538494984007980000,0.91477665,117.925729,-38.53,0.6695,14.687362,1.016568,,,,,
NGC_2477,5538869608234180000,0.91464664,118.0657344,-38.52,0.7218,12.252402,1.425873,,,,,
NGC_2477,5538865455010940000,0.91462137,118.1600803,-38.59,0.6938,14.894514,0.939395,,,,,
NGC_2477,5538114351131640000,0.91441215,118.2476571,-38.63,0.6791,15.256732,1.327553,,,,,
NGC_2477,5538883562593200000,0.91276911,117.8835348,-38.41,0.6925,17.785753,1.592869,,,,,
NGC_2477,5538506361386090000,0.91128355,117.8710276,-38.55,0.6812,13.044616,0.704143,,,,,
NGC_2477,5538494232398510000,0.91038218,117.9401371,-38.59,0.7037,15.136234,1.051941,,,,,
NGC_2477,5538871571044330000,0.90937568,118.0975798,-38.43,0.6936,14.771423,1.013707,,,,,
NGC_2477,5538494198038770000,0.9087576,117.9280973,-38.59,0.6729,14.095278,0.917228,,,,,
NGC_2477,5538866206623350000,0.90846808,118.0781281,-38.56,0.6603,16.137884,1.177673,,,,,
NGC_2477,5538869200222590000,0.90812217,118.0546499,-38.54,0.685,15.920192,1.1420095,,,,,
NGC_2477,5538869853057470000,0.90806259,118.073624,-38.49,0.6792,15.002275,0.973212,,,,,
NGC_2477,5538865729888940000,0.90758495,118.0875653,-38.61,0.6736,13.220335,0.50267,,,,,
NGC_2477,5538866039126610000,0.90758495,118.0493541,-38.59,0.69,13.627035,0.7902875,,,,,
NGC_2477,5538868994064110000,0.90758495,118.0339421,-38.58,0.6786,12.39123,1.312019,,,,,
NGC_2477,5538493643977820000,0.90758495,118.006684,-38.6,0.6751,16.693233,1.26146,,,,,
NGC_2477,5538493820081900000,0.90758495,117.9870404,-38.59,0.6903,14.545936,0.907145,,,,,
NGC_2477,5538493682642920000,0.90758495,118.0209506,-38.59,0.6945,14.921263,0.972514,,,,,
NGC_2477,5538493717002660000,0.90758495,118.005768,-38.58,0.6847,15.523881,1.056932,,,,,
NGC_2477,5538494610355620000,0.90758495,117.9389483,-38.57,0.6928,15.622575,1.085611,,,,,
NGC_2477,5538490693345680000,0.90758495,118.0351822,-38.61,0.6791,13.598423,0.792982,,,,,
NGC_2477,5538869097143310000,0.90733447,118.0386334,-38.55,0.6864,12.544892,0.7077,,,,,
NGC_2477,5538507697111480000,0.90491809,117.8244914,-38.47,0.6858,19.084955,2.211542,,,,,
NGC_2477,5538869333356280000,0.90476827,117.9952209,-38.54,0.7025,12.131526,0.892274,,,,,
NGC_2477,5538869230277050000,0.90476827,118.0618777,-38.52,0.7103,12.735932,0.733665,,,,,
NGC_2477,5538865897385650000,0.90370642,118.0899099,-38.6,0.7183,18.555492,1.84323,,,,,
NGC_2477,5538871193087210000,0.90264246,118.1217493,-38.47,0.6758,13.171879,0.754401,,,,,
NGC_2477,5538865077053890000,0.90181196,118.1085764,-38.61,0.702,13.862746,0.928676,,,,,
NGC_2477,5538870059215870000,0.90145154,118.0816006,-38.45,0.6685,14.877431,1.06649,,,,,
NGC_2477,5538866172266740000,0.90105445,118.0732957,-38.56,0.7283,12.669919,0.67055,,,,,
NGC_2477,5538865420651210000,0.90105445,118.1517789,-38.59,0.715,15.341865,0.994255,,,,,
NGC_2477,5538493613923460000,0.90103216,118.0009246,-38.6,0.7141,16.422714,1.207664,,,,,
NGC_2477,5538493957520830000,0.90101216,117.9972015,-38.56,0.6902,14.320256,0.8365005,,,,,
NGC_2477,5538493953214560000,0.90063472,118.0065898,-38.57,0.6907,12.681619,0.711826,,,,,
NGC_2477,5538507117300640000,0.90024494,117.9083578,-38.47,0.6909,15.653988,1.165008,,,,,
NGC_2477,5538864973974690000,0.8998126,118.1013332,-38.62,0.7007,15.444725,1.066399,,,,,
NGC_2477,5538494129319280000,0.89971796,117.8948822,-38.62,0.6837,13.342156,0.81142,,,,,
NGC_2477,5538866451439250000,0.89910572,118.1285497,-38.54,0.6912,19.289154,2.104956,,,,,
NGC_2477,5538864866590300000,0.8987785,118.1050544,-38.64,0.6922,12.430058,0.889519,,,,,
NGC_2477,5538116137838030000,0.89860738,118.2463058,-38.59,0.6906,14.6435375,1.087454,,,,,
NGC_2477,5538870883852560000,0.89759877,118.0599498,-38.42,0.6839,15.3406925,1.094346,,,,,
NGC_2477,5538869097143370000,0.89667132,118.0374748,-38.54,0.6954,14.15995,0.868371,,,,,
NGC_2477,5538869200222510000,0.89630456,118.0511739,-38.54,0.7121,15.352802,1.04285,,,,,
NGC_2477,5538494159373930000,0.89379033,117.9065762,-38.59,0.6887,15.453514,1.098889,,,,,
NGC_2477,5538866417083590000,0.89352688,118.1607019,-38.54,0.6837,13.782804,0.7706,,,,,
NGC_2477,5538866554522580000,0.89333386,118.1120577,-38.53,0.7033,11.73423,1.420434,,,,,
NGC_2477,5538869475100430000,0.89190886,118.015812,-38.52,0.6871,15.530898,1.050564,,,,,
NGC_2477,5538490624626080000,0.89179645,118.0416816,-38.63,0.7098,14.86059,0.9855815,,,,,
NGC_2477,5538869749978250000,0.89143953,118.0883734,-38.5,0.679,14.608401,1.097623,,,,,
NGC_2477,5538869303301750000,0.89143953,118.0202584,-38.54,0.6749,12.87819,0.72112,,,,,
NGC_2477,5538490349750290000,0.89028468,118.0617175,-38.65,0.6881,10.8626585,1.631366,,,,,
NGC_2477,5538869956136680000,0.88982952,118.0750208,-38.48,0.7054,12.289194,1.435784,,,,,
NGC_2477,5538870574612050000,0.88967477,117.9816069,-38.46,0.6697,17.732176,1.573222,,,,,
NGC_2477,5538494399892170000,0.88930275,117.8702225,-38.58,0.7125,16.576342,1.238567,,,,,
NGC_2477,5538869505154960000,0.88868133,118.0327041,-38.5,0.709,12.046655,1.46896,,,,,
NGC_2477,5538870231014670000,0.88765077,118.0085351,-38.5,0.7123,15.85936,1.238794,,,,,
NGC_2477,5538870196654940000,0.88745975,117.9964777,-38.5,0.6873,15.005876,1.007581,,,,,
NGC_2477,5538865214492780000,0.88704235,118.1664574,-38.61,0.6965,13.117217,0.7982315,,,,,
NGC_2477,5538494232391930000,0.8869271,117.9398003,-38.59,0.7097,16.159338,1.310774,,,,,
NGC_2477,5538113217260280000,0.88674048,118.2782978,-38.69,0.6828,13.999937,1.053402,,,,,
NGC_2477,5538116034758800000,0.88674048,118.2768484,-38.58,0.6898,15.716982,1.257974,,,,,
NGC_2477,5538493682642920000,0.8865658,118.0270424,-38.59,0.6944,11.252105,1.462568,,,,,
NGC_2477,5538494644715620000,0.88652571,117.9581291,-38.56,0.6849,15.70345,1.082156,,,,,
NGC_2477,5538493884501170000,0.88607602,117.9713095,-38.57,0.677,13.261218,0.771137,,,,,
NGC_2477,5538490487187120000,0.88597273,118.0159729,-38.65,0.7035,13.966299,0.80062,,,,,
NGC_2477,5538871227446940000,0.88582193,118.1279047,-38.47,0.6918,10.980225,1.6773725,,,,,
NGC_2477,5538866176565510000,0.88566538,118.0711895,-38.55,0.71,14.198964,0.8497205,,,,,
NGC_2477,5538493648283190000,0.88565383,118.0151066,-38.59,0.7121,15.258904,1.022856,,,,,
NGC_2477,5538882325642640000,0.88540805,117.9653008,-38.46,0.6999,14.487391,0.982162,,,,,
NGC_2477,5538871532385950000,0.88521332,118.0950309,-38.44,0.6889,15.792861,1.187671,,,,,
NGC_2477,5538872636196250000,0.88487132,118.0405444,-38.4,0.6912,13.977431,0.93287,,,,,
NGC_2477,5538866004766850000,0.88463787,118.0671715,-38.58,0.668,12.842917,0.715604,,,,,
NGC_2477,5538865072748730000,0.88423727,118.1209455,-38.61,0.6911,12.343242,0.746905,,,,,
NGC_2477,5538490384108160000,0.88423727,118.0662,-38.64,0.6883,15.1944065,1.037037,,,,,
NGC_2477,5538865489370710000,0.88390541,118.1303597,-38.59,0.6737,14.267057,0.9183105,,,,,
NGC_2477,5538869814392600000,0.88373635,118.0668321,-38.51,0.7001,11.725192,1.4771345,,,,,
NGC_2477,5538870540252290000,0.88373635,118.0054905,-38.46,0.7031,12.939647,0.830905,,,,,
NGC_2477,5538866039126610000,0.88348985,118.0461693,-38.59,0.6925,15.40462,1.131325,,,,,
NGC_2477,5538865248852520000,0.88308561,118.1606052,-38.6,0.6897,11.570059,1.427026,,,,,
NGC_2477,5538870780770400000,0.88245436,118.0620965,-38.45,0.6746,14.538195,0.952306,,,,,
NGC_2477,5538864664737050000,0.88222268,118.113323,-38.65,0.6832,14.753298,1.084188,,,,,
NGC_2477,5538865111413590000,0.88181353,118.1246383,-38.59,0.71,13.603281,0.761812,,,,,
NGC_2477,5538867134336290000,0.88181073,118.1808726,-38.55,0.7018,17.538218,1.516494,,,,,
NGC_2477,5538116240917230000,0.88150443,118.2659037,-38.58,0.6815,16.271755,1.309817,,,,,
NGC_2477,5538493270326130000,0.88149685,117.9374499,-38.62,0.7061,15.405325,1.065694,,,,,
NGC_2477,5538882669240020000,0.88146573,117.9317036,-38.42,0.69,15.1878195,1.116691,,,,,
NGC_2477,5538494232400660000,0.88030879,117.9384998,-38.58,0.6658,14.233204,0.889585,,,,,
NGC_2477,5538494021935310000,0.87968743,117.9956156,-38.54,0.6891,17.003117,1.333601,,,,,
NGC_2477,5538869784337960000,0.87917484,118.1030053,-38.47,0.7031,14.7926235,1.084695,,,,,
NGC_2477,5538882600520490000,0.87894991,117.9554104,-38.43,0.6913,13.678539,0.829475,,,,,
NGC_2477,5538116103478300000,0.87825572,118.2367757,-38.6,0.6708,13.522789,0.932792,,,,,
NGC_2477,5538868096409040000,0.87811404,118.1783679,-38.5,0.7215,17.875183,1.639112,,,,,
NGC_2477,5538871055648310000,0.87751049,118.0338344,-38.42,0.6904,14.016883,0.877536,,,,,
NGC_2477,5538506773703280000,0.87739645,117.8965957,-38.51,0.6956,13.600073,0.910906,,,,,
NGC_2477,5538494644715620000,0.87701459,117.9669189,-38.56,0.7127,12.679187,0.793279,,,,,
NGC_2477,5538490104924580000,0.87679848,118.0017468,-38.65,0.6926,13.979917,0.842678,,,,,
NGC_2477,5538866172266740000,0.87677955,118.0710074,-38.56,0.7085,14.886543,0.991225,,,,,
NGC_2477,5538490246669090000,0.87663199,118.047362,-38.66,0.6916,13.424868,0.856452,,,,,
NGC_2477,5538864802175970000,0.87637106,118.1400539,-38.64,0.7099,12.271555,0.796069,,,,,
NGC_2477,5538870093575750000,0.8757257,117.9852666,-38.53,0.6622,16.72203,1.305328,,,,,
NGC_2477,5538867757113290000,0.87564323,118.2478805,-38.48,0.6778,13.711338,0.862376,,,,,
NGC_2477,5538506327026700000,0.87537216,117.8899595,-38.54,0.7017,15.44013,1.0959,,,,,
NGC_2477,5538868066350970000,0.87496348,118.2091438,-38.49,0.6812,16.591717,1.310905,,,,,
NGC_2477,5538865145773310000,0.87489284,118.1640447,-38.62,0.6962,15.5756855,1.08459,,,,,
NGC_2477,5538868268207770000,0.87475405,118.1569139,-38.48,0.6744,18.40049,1.818169,,,,,
NGC_2477,5538865695529210000,0.87439469,118.087121,-38.62,0.7071,12.394987,0.949502,,,,,
NGC_2477,5538869406380930000,0.87425286,118.0372126,-38.52,0.7201,15.509942,1.052016,,,,,
NGC_2477,5538493854441410000,0.87308409,117.9641885,-38.59,0.677,13.577255,0.787918,,,,,
NGC_2477,5538494575995850000,0.87282884,117.9028345,-38.55,0.6954,13.052724,0.713452,,,,,
NGC_2477,5538864630377300000,0.87115634,118.1331097,-38.66,0.6982,16.107908,1.2017,,,,,
NGC_2477,5538882222559620000,0.8706242,117.9616261,-38.46,0.676,17.769466,1.496246,,,,,
NGC_2477,5538865931745420000,0.87052936,118.0956937,-38.57,0.6829,16.403498,1.216387,,,,,
NGC_2477,5538866588882340000,0.87038884,118.0985176,-38.54,0.6664,14.924452,0.966557,,,,,
NGC_2477,5538493747057150000,0.86908527,118.0201142,-38.57,0.6752,17.519638,1.478401,,,,,
NGC_2477,5538493579563730000,0.86907079,117.9857643,-38.6,0.686,12.820272,0.671902,,,,,
NGC_2477,5538864836535690000,0.86885797,118.1489028,-38.63,0.7026,14.679108,0.9338015,,,,,
NGC_2477,5538508006347540000,0.8682095,117.874989,-38.45,0.673,13.03535,0.83927,,,,,
NGC_2477,5538866554522580000,0.86753092,118.109608,-38.53,0.6869,13.9319315,0.814071,,,,,
NGC_2477,5538868066350970000,0.86741956,118.2015029,-38.48,0.6782,15.9692,1.192559,,,,,
NGC_2477,5538871021288600000,0.86735619,118.0163083,-38.43,0.7023,15.458081,1.15142,,,,,
NGC_2477,5538493579565660000,0.8663648,117.9833347,-38.61,0.6993,10.561021,1.222862,,,,,
NGC_2477,5538869573874440000,0.86559833,118.0861293,-38.52,0.7173,11.966747,1.388223,,,,,
NGC_2477,5538869165862750000,0.86553479,118.0692884,-38.54,0.7111,14.827645,0.944326,,,,,
NGC_2477,5538866073486320000,0.86522726,118.0682921,-38.57,0.7144,16.133396,1.175537,,,,,
NGC_2477,5538490555906760000,0.8649833,118.0011412,-38.63,0.683,13.504837,0.8053045,,,,,
NGC_2477,5538865489370690000,0.86482619,118.1432303,-38.58,0.6677,13.412304,0.702697,,,,,
NGC_2477,5538869990496400000,0.86471849,118.0840283,-38.47,0.6654,13.1502905,0.74959,,,,,
NGC_2477,5538868238149720000,0.86451869,118.1273454,-38.49,0.6712,15.89343,1.188883,,,,,
NGC_2477,5538868031991250000,0.86450628,118.1921317,-38.51,0.6561,13.393809,0.827038,,,,,
NGC_2477,5538489628189530000,0.86411202,118.0860006,-38.64,0.6988,16.565718,1.304564,,,,,
NGC_2477,5538882944117790000,0.8636799,118.0026296,-38.39,0.6886,14.528619,1.004561,,,,,
NGC_2477,5538493747057130000,0.86364671,118.0134114,-38.58,0.6884,15.915519,1.135722,,,,,
NGC_2477,5538490418467650000,0.86258262,118.0437337,-38.63,0.7059,14.736077,0.992225,,,,,
NGC_2477,5538495057032470000,0.8619323,117.9538056,-38.52,0.7119,17.651,1.494762,,,,,
NGC_2477,5538867340491450000,0.86121239,118.2613413,-38.53,0.6762,13.771789,0.829364,,,,,
NGC_2477,5538869131503020000,0.86057853,118.0623336,-38.55,0.687,14.291837,0.879218,,,,,
NGC_2477,5538494094959560000,0.86035384,117.921488,-38.61,0.6881,17.033075,1.370856,,,,,
NGC_2477,5538489731272900000,0.86035384,117.9864178,-38.71,0.6883,15.225747,1.176691,,,,,
NGC_2477,5538494606050610000,0.85989125,117.9447348,-38.58,0.6632,18.255705,1.761569,,,,,
NGC_2477,5538489559468500000,0.85851574,118.0890511,-38.66,0.665,16.139685,1.21541,,,,,
NGC_2477,5538867654034090000,0.85835291,118.2418334,-38.49,0.6629,17.943802,1.648441,,,,,
NGC_2477,5538494953953290000,0.85706059,117.9074869,-38.54,0.6869,14.640191,0.956383,,,,,
NGC_2477,5538873117232520000,0.85693817,118.1015581,-38.37,0.7051,16.953665,1.402134,,,,,
NGC_2477,5538869028423830000,0.85655184,118.0445445,-38.55,0.7186,12.153705,1.386932,,,,,
NGC_2477,5538506567544880000,0.85610656,117.8598554,-38.52,0.6781,13.24924,0.836956,,,,,
NGC_2477,5538495125751940000,0.85534461,117.9521041,-38.5,0.6982,14.389461,0.927919,,,,,
NGC_2477,5538865592449860000,0.85506164,118.1864087,-38.56,0.6854,14.864746,1.0246155,,,,,
NGC_2477,5538866691961500000,0.85487229,118.134203,-38.51,0.6744,13.691383,0.820683,,,,,
NGC_2477,5538494094959850000,0.85482412,117.9254624,-38.61,0.683,14.577386,0.928233,,,,,
NGC_2477,5538865072751920000,0.85401379,118.1172608,-38.6,0.7031,17.869837,1.638356,,,,,
NGC_2477,5538866722022560000,0.85393511,118.121121,-38.51,0.6685,17.599995,1.61953,,,,,
NGC_2477,5538864973974680000,0.85354496,118.1088031,-38.62,0.6964,15.077828,0.984066,,,,,
NGC_2477,5538866726321260000,0.85322334,118.1089299,-38.52,0.6642,15.744075,1.115151,,,,,
NGC_2477,5538865798608420000,0.85270404,118.0783499,-38.6,0.6988,10.913203,1.622927,,,,,
NGC_2477,5538869268942020000,0.85264828,118.0081269,-38.55,0.6949,13.939065,0.774506,,,,,
NGC_2477,5538506769396970000,0.85213136,117.8919895,-38.52,0.6963,13.852624,0.893019,,,,,
NGC_2477,5538870677691210000,0.85158923,118.0419068,-38.47,0.7346,15.566843,1.1280155,,,,,
NGC_2477,5538870334093850000,0.85092599,118.0209436,-38.48,0.6728,13.5159235,0.832766,,,,,
NGC_2477,5538507422233450000,0.85019527,117.8586287,-38.49,0.6825,17.605665,1.510849,,,,,
NGC_2477,5538870746410690000,0.85010349,118.0321414,-38.46,0.689,15.787838,1.156204,,,,,
NGC_2477,5538870501587370000,0.84974715,117.9873303,-38.48,0.704,13.475926,0.819937,,,,,
NGC_2477,5538866623242060000,0.84955857,118.1036413,-38.53,0.7225,12.760424,0.724187,,,,,
NGC_2477,5538870574612050000,0.84942985,117.9815405,-38.46,0.6815,13.91467,0.919233,,,,,
NGC_2477,5538493678342750000,0.84928081,118.0291175,-38.58,0.6877,16.979519,1.272772,,,,,
NGC_2477,5538495091392220000,0.84928081,117.9324104,-38.52,0.6946,14.787302,1.001205,,,,,
NGC_2477,5538864939615050000,0.8489639,118.0885667,-38.63,0.6905,13.779495,0.830053,,,,,
NGC_2477,5538867928907770000,0.8467169,118.1856659,-38.51,0.7108,14.170961,0.913453,,,,,
NGC_2477,5538488975358820000,0.84548954,118.0345871,-38.72,0.7002,15.567714,1.221247,,,,,
NGC_2477,5538866073486320000,0.84494993,118.0577981,-38.57,0.6893,14.984252,0.95615,,,,,
NGC_2477,5538869298996540000,0.84485893,118.0284304,-38.53,0.7195,15.181944,1.071026,,,,,
NGC_2477,5538871742842980000,0.84446773,118.1639789,-38.44,0.6774,13.911653,0.935811,,,,,
NGC_2477,5538870677691210000,0.84390687,118.0443097,-38.47,0.7112,13.017527,0.770341,,,,,
NGC_2477,5538866893818120000,0.84288913,118.2038823,-38.55,0.6977,15.17988,1.041695,,,,,
NGC_2477,5538114660369300000,0.84288913,118.2076266,-38.61,0.6825,15.913391,1.181981,,,,,
NGC_2477,5538507976294090000,0.84177658,117.902947,-38.44,0.6687,15.397051,1.09743,,,,,
NGC_2477,5538113904456940000,0.84106942,118.1431403,-38.69,0.7054,16.343884,1.300697,,,,,
NGC_2477,5538867963271800000,0.84048599,118.1537745,-38.51,0.6719,16.886755,1.411473,,,,,
NGC_2477,5538868405646780000,0.84010942,118.1693448,-38.45,0.7154,18.837433,2.289189,,,,,
NGC_2477,5538494266758240000,0.84002964,117.9187564,-38.59,0.7075,12.825581,0.912739,,,,,
NGC_2477,5538494266758240000,0.84002964,117.919026,-38.6,0.707,15.018263,1.023587,,,,,
NGC_2477,5538867172997800000,0.83975694,118.1871125,-38.52,0.7002,17.380156,1.463073,,,,,
NGC_2477,5538882394362070000,0.83972382,117.9553372,-38.45,0.7361,11.936963,1.564691,,,,,
NGC_2477,5538866996897340000,0.83966257,118.2206609,-38.54,0.6633,17.536484,1.572807,,,,,
NGC_2477,5538113698298510000,0.83934065,118.1519464,-38.71,0.7029,14.503486,1.076268,,,,,
NGC_2477,5538869097139530000,0.83922916,118.0349315,-38.55,0.6754,17.876406,1.563449,,,,,
NGC_2477,5538866829400410000,0.83916898,118.222887,-38.56,0.675,15.648633,1.108362,,,,,
NGC_2477,5538114312467150000,0.83916898,118.2418013,-38.64,0.6919,17.807877,1.700392,,,,,
NGC_2477,5538865107108470000,0.83875942,118.1214056,-38.6,0.6834,13.978072,0.830534,,,,,
NGC_2477,5538494984007980000,0.83779631,117.9217813,-38.53,0.6801,13.327869,0.7461895,,,,,
NGC_2477,5538864596017040000,0.83752197,118.1217059,-38.66,0.7106,15.915341,1.167174,,,,,
NGC_2477,5538494369839700000,0.83745762,117.8887599,-38.58,0.7119,14.244905,0.8840925,,,,,
NGC_2477,5538871188785570000,0.83690021,118.1281964,-38.48,0.6499,17.027216,1.437744,,,,,
NGC_2477,5538866348364150000,0.83584633,118.1268411,-38.56,0.6657,13.448649,0.726486,,,,,
NGC_2477,5538865214492800000,0.83551481,118.1547288,-38.62,0.6871,13.176597,0.732789,,,,,
NGC_2477,5538866584583590000,0.8352042,118.0903262,-38.55,0.6976,11.571757,0.64188,,,,,
NGC_2477,5538867207357520000,0.83490635,118.2112498,-38.52,0.7171,15.749065,1.156441,,,,,
NGC_2477,5538866176565520000,0.83454546,118.073937,-38.56,0.6977,13.095834,0.693362,,,,,
NGC_2477,5538869440740660000,0.83407416,118.0465693,-38.51,0.7313,13.119608,0.845239,,,,,
NGC_2477,5538870265374370000,0.83398077,118.0353068,-38.49,0.6788,13.468924,0.745862,,,,,
NGC_2477,5538112736223580000,0.83396809,118.2233874,-38.73,0.6848,14.183665,1.001497,,,,,
NGC_2477,5538866172266740000,0.83383775,118.0629119,-38.56,0.7091,12.449516,0.840644,,,,,
NGC_2477,5538866962537610000,0.83327716,118.2469042,-38.54,0.6684,17.815958,1.576525,,,,,
NGC_2477,5538506911142210000,0.83211609,117.917814,-38.49,0.6969,12.942016,0.978548,,,,,
NGC_2477,5538869062786350000,0.83159502,118.0274686,-38.56,0.7204,12.289007,0.753564,,,,,
NGC_2477,5538493476484270000,0.83158444,117.9411337,-38.6,0.7236,16.8351,1.345611,,,,,
NGC_2477,5538506670624080000,0.83156566,117.8660082,-38.5,0.6812,13.813337,0.913955,,,,,
NGC_2477,5538864660438240000,0.83123333,118.1070376,-38.66,0.6886,17.987745,1.655081,,,,,
NGC_2477,5537738661751770000,0.83120778,118.1182591,-38.69,0.6903,12.936069,0.845461,,,,,
NGC_2477,5538869475100410000,0.83009515,118.0338005,-38.51,0.6716,16.117718,1.183058,,,,,
NGC_2477,5538866726321260000,0.82973239,118.1150547,-38.52,0.6581,14.872288,0.980576,,,,,
NGC_2477,5538869440740660000,0.82972138,118.0432931,-38.51,0.6834,16.2448,1.2067955,,,,,
NGC_2477,5538869956136670000,0.82945895,118.0861009,-38.48,0.6631,14.850463,0.984506,,,,,
NGC_2477,5538494709128800000,0.82812789,117.9477964,-38.54,0.709,12.023529,1.399706,,,,,
NGC_2477,5538866550220760000,0.82763767,118.1208099,-38.54,0.6821,14.956843,1.081472,,,,,
NGC_2477,5538872361318510000,0.82701658,118.0629953,-38.42,0.6974,14.687923,1.0112615,,,,,
NGC_2477,5538869887417350000,0.82698098,118.0431196,-38.49,0.7157,15.939171,1.142222,,,,,
NGC_2477,5538869784337950000,0.82658338,118.1080368,-38.47,0.6857,14.372155,0.901935,,,,,
NGC_2477,5538493609618090000,0.82562872,117.9856614,-38.6,0.7253,14.72891,0.937829,,,,,
NGC_2477,5538869475100420000,0.82485732,118.0297696,-38.52,0.7162,15.507963,1.057687,,,,,
NGC_2477,5538495091392310000,0.82485732,117.9385152,-38.52,0.7231,14.663169,1.063656,,,,,
NGC_2477,5538870986928880000,0.82425475,118.0028544,-38.45,0.6691,15.9267,1.241892,,,,,
NGC_2477,5538508045013580000,0.82413607,117.8747935,-38.43,0.6856,14.356083,1.085347,,,,,
NGC_2477,5538869539521100000,0.82404244,118.0803333,-38.53,0.7045,12.641992,0.7916085,,,,,
NGC_2477,5538884455946250000,0.82401627,118.0298063,-38.38,0.6932,13.934567,0.933434,,,,,
NGC_2477,5538507392178610000,0.82362566,117.8333542,-38.51,0.6678,17.079714,1.352792,,,,,
NGC_2477,5538506292666970000,0.82356466,117.8821058,-38.55,0.6727,15.617488,1.087004,,,,,
NGC_2477,5538494026240310000,0.82356466,117.9867085,-38.55,0.6629,16.986805,1.32345,,,,,
NGC_2477,5538112873662530000,0.82333398,118.1823011,-38.73,0.6931,17.261978,1.565971,,,,,
NGC_2477,5538493270325860000,0.82330391,117.9319918,-38.64,0.6911,14.565031,1.022834,,,,,
NGC_2477,5538494644715620000,0.82300393,117.9611741,-38.56,0.6723,14.160594,0.931029,,,,,
NGC_2477,5538494026240300000,0.82269065,117.9893313,-38.54,0.7066,16.08594,1.268027,,,,,
NGC_2477,5538492858009280000,0.82227703,117.8763465,-38.61,0.6899,15.968397,1.149837,,,,,
NGC_2477,5538865832968140000,0.82221429,118.0984657,-38.6,0.7152,16.263388,1.220107,,,,,
NGC_2477,5538490521546860000,0.8217967,118.0273801,-38.64,0.6658,16.405918,1.247138,,,,,
NGC_2477,5538882772319120000,0.82167305,118.0054343,-38.43,0.7396,15.957162,1.237933,,,,,
NGC_2477,5538869131503030000,0.82159067,118.0547341,-38.55,0.6707,16.213099,1.31123,,,,,
NGC_2477,5538870643331490000,0.8212227,118.0377121,-38.49,0.7141,15.235352,1.055487,,,,,
NGC_2477,5538493201606400000,0.82117818,117.9661276,-38.62,0.7058,14.171555,0.874295,,,,,
NGC_2477,5538864870891690000,0.82059496,118.1054768,-38.64,0.725,12.325417,1.498049,,,,,
NGC_2477,5538507426538330000,0.82054436,117.8469577,-38.49,0.6891,15.680004,1.113871,,,,,
NGC_2477,5538493442118070000,0.82039613,117.9386012,-38.62,0.714,15.558008,1.205465,,,,,
NGC_2477,5538494541636450000,0.81971292,117.892046,-38.57,0.6932,14.409271,0.937486,,,,,
NGC_2477,5538112770583320000,0.81957967,118.2296674,-38.72,0.6811,14.376215,1.050507,,,,,
NGC_2477,5538867104274090000,0.81899883,118.1916675,-38.54,0.666,19.546982,1.925276,,,,,
NGC_2477,5538492922423330000,0.81888662,117.8566348,-38.6,0.7022,15.733228,1.193098,,,,,
NGC_2477,5538866726321250000,0.81886263,118.1223549,-38.51,0.673,14.242256,0.8774215,,,,,
NGC_2477,5538882875398320000,0.81884319,118.0148155,-38.41,0.69,18.317602,1.812016,,,,,
NGC_2477,5538870368453660000,0.81828689,117.9746341,-38.51,0.6992,15.553828,1.207215,,,,,
NGC_2477,5538864767816210000,0.81822426,118.1565027,-38.64,0.7063,16.817898,1.297014,,,,,
NGC_2477,5538865798608410000,0.81803559,118.0823398,-38.6,0.667,13.223367,0.756284,,,,,
NGC_2477,5538490040510720000,0.81770918,117.971312,-38.66,0.6722,14.915373,1.007355,,,,,
NGC_2477,5538868238149710000,0.81766563,118.1353415,-38.49,0.6573,13.699654,0.90019,,,,,
NGC_2477,5538869234582220000,0.81727282,118.0586115,-38.52,0.678,14.188586,0.839664,,,,,
NGC_2477,5538494507276390000,0.81703548,117.9184201,-38.57,0.6743,15.773683,1.12402,,,,,
NGC_2477,5538494438559070000,0.81668772,117.8851451,-38.57,0.6999,13.639329,0.868714,,,,,
NGC_2477,5538494434253760000,0.81668772,117.8838631,-38.57,0.6784,18.314816,1.769152,,,,,
NGC_2477,5538510793792700000,0.81518101,117.7949558,-38.43,0.6814,13.137573,0.7099315,,,,,
NGC_2477,5538866382723870000,0.81504486,118.1442866,-38.55,0.7218,12.644191,0.739344,,,,,
NGC_2477,5538489318956140000,0.81377851,118.0931265,-38.68,0.6903,13.5716505,0.837877,,,,,
NGC_2477,5538871188785530000,0.81367677,118.1155114,-38.48,0.7161,18.436207,1.858202,,,,,
NGC_2477,5538507701416240000,0.81366241,117.8310711,-38.46,0.7028,13.933816,0.8305655,,,,,
NGC_2477,5538866344059040000,0.81363023,118.1264727,-38.54,0.7243,10.732309,0.910867,,,,,
NGC_2477,5538865901687610000,0.81347975,118.0893269,-38.58,0.7077,12.923262,0.708379,,,,,
NGC_2477,5538495057032460000,0.81328995,117.9623796,-38.51,0.7291,12.3411045,1.460258,,,,,
NGC_2477,5538871467965120000,0.81314376,118.1042775,-38.45,0.6641,13.849645,0.896017,,,,,
NGC_2477,5538490384107940000,0.81309751,118.0715477,-38.64,0.6825,14.216738,0.852205,,,,,
NGC_2477,5538494163681180000,0.81266563,117.9100181,-38.6,0.6727,13.953108,0.857839,,,,,
NGC_2477,5538882325642580000,0.81239279,117.9705105,-38.45,0.6623,13.295638,0.801449,,,,,
NGC_2477,5538872288297280000,0.81209046,118.0744907,-38.43,0.7145,18.671448,2.046082,,,,,
NGC_2477,5538866760681170000,0.81141921,118.1253325,-38.5,0.68,14.603172,0.9488605,,,,,
NGC_2477,5538871193090200000,0.81124039,118.1262304,-38.47,0.6982,11.536243,0.441322,,,,,
NGC_2477,5538872601836490000,0.81110258,118.0695135,-38.4,0.6752,14.149121,1.00046,,,,,
NGC_2477,5538495091392210000,0.81101629,117.9378442,-38.51,0.6723,16.39044,1.274311,,,,,
NGC_2477,5538869406380950000,0.8109634,118.0356062,-38.54,0.6892,12.898149,0.732929,,,,,
NGC_2477,5538493579563520000,0.81077606,117.9798632,-38.6,0.7167,12.125629,1.416143,,,,,
NGC_2477,5538866760680970000,0.81076377,118.1246539,-38.5,0.6807,13.551679,0.81692,,,,,
NGC_2477,5538864797870820000,0.81071069,118.1388495,-38.63,0.7255,12.757865,0.7080835,,,,,
NGC_2477,5538866588882350000,0.81057043,118.0865483,-38.53,0.707,12.0596285,0.730542,,,,,
NGC_2477,5538869543819830000,0.80986902,118.0917557,-38.53,0.669,13.905322,0.806255,,,,,
NGC_2477,5538871296166410000,0.80986902,118.1303592,-38.46,0.6845,14.774352,1.021431,,,,,
NGC_2477,5538490452827640000,0.80846508,118.0513082,-38.62,0.6914,14.422586,0.905906,,,,,
NGC_2477,5538507216075220000,0.80833175,117.9136968,-38.46,0.6824,15.314844,1.118655,,,,,
NGC_2477,5538870535950530000,0.80829465,117.99979,-38.46,0.6684,17.131598,1.435953,,,,,
NGC_2477,5538871193087220000,0.80829357,118.1225508,-38.49,0.7019,14.173149,0.870641,,,,,
NGC_2477,5538493682642920000,0.808055,118.0220023,-38.59,0.6941,14.922586,0.966063,,,,,
NGC_2477,5538870746410670000,0.8078006,118.0377707,-38.44,0.7022,15.740335,1.170531,,,,,
NGC_2477,5538494782150330000,0.80650437,117.9794288,-38.53,0.6928,15.246146,0.979384,,,,,
NGC_2477,5538508281227310000,0.8055881,117.8481868,-38.42,0.6661,16.948788,1.54907,,,,,
NGC_2477,5538494125014100000,0.80516469,117.9000807,-38.61,0.6975,15.679611,1.11456,,,,,
NGC_2477,5538867310436730000,0.80515714,118.2060145,-38.5,0.7046,15.496556,1.121055,,,,,
NGC_2477,5538871742842970000,0.80515714,118.1656004,-38.43,0.6964,13.717775,0.926812,,,,,
NGC_2477,5538507151660380000,0.80510101,117.9095232,-38.47,0.6893,15.6653185,1.175066,,,,,
NGC_2477,5538870231014670000,0.80454789,118.0137272,-38.5,0.6883,15.030221,0.995598,,,,,
NGC_2477,5538866348364150000,0.80398387,118.1285711,-38.56,0.6839,14.702452,0.921658,,,,,
NGC_2477,5538870471532860000,0.80302814,117.9766743,-38.48,0.7407,12.380591,1.489066,,,,,
NGC_2477,5538490658986070000,0.80296087,118.0403551,-38.61,0.6644,15.00073,0.982466,,,,,
NGC_2477,5538493613923260000,0.80277744,117.9878072,-38.6,0.6947,14.937434,0.959085,,,,,
NGC_2477,5538865008334400000,0.80277396,118.1271019,-38.62,0.6987,11.584534,1.414151,,,,,
NGC_2477,5538868822265200000,0.80166416,118.1838968,-38.43,0.6634,14.208998,0.986392,,,,,
NGC_2477,5538490315388450000,0.80147058,118.0376981,-38.64,0.6922,13.574788,0.790044,,,,,
NGC_2477,5538870265374380000,0.80137234,118.0268596,-38.49,0.6504,16.75052,1.322073,,,,,
NGC_2477,5538494537331200000,0.80120293,117.9004809,-38.56,0.7104,15.880569,1.15269,,,,,
NGC_2477,5538493613923270000,0.80115366,117.9968664,-38.6,0.675,15.175229,1.00341,,,,,
NGC_2477,5538870299734140000,0.80061476,118.0077482,-38.49,0.6729,14.306058,1.032156,,,,,
NGC_2477,5538864664736520000,0.80045828,118.1090461,-38.65,0.7196,12.625494,1.0440825,,,,,
NGC_2477,5538867035558820000,0.8002745,118.2327155,-38.54,0.6585,15.751055,1.136642,,,,,
NGC_2477,5538489726967310000,0.79938483,117.9734258,-38.71,0.7015,17.845415,1.672806,,,,,
NGC_2477,5538507804495450000,0.79936498,117.8566386,-38.48,0.6791,13.704368,0.810052,,,,,
NGC_2477,5538883145974730000,0.79923039,117.985882,-38.38,0.6686,17.536377,1.554008,,,,,
NGC_2477,5538869406380950000,0.79902157,118.0271837,-38.53,0.7056,14.006223,0.787962,,,,,
NGC_2477,5538866520162870000,0.7988547,118.0972459,-38.55,0.6995,15.223052,1.14185,,,,,
NGC_2477,5538869814392600000,0.79881696,118.0592075,-38.51,0.6668,13.397019,0.816454,,,,,
NGC_2477,5537738524312830000,0.79868562,118.1069434,-38.72,0.6847,14.249968,1.021503,,,,,
NGC_2477,5538869436435480000,0.79839551,118.04207,-38.51,0.7158,11.887885,1.427377,,,,,
NGC_2477,5538492445692430000,0.79811378,117.8756892,-38.65,0.6856,17.53643,1.513046,,,,,
NGC_2477,5538866137903860000,0.79805895,118.0883142,-38.56,0.6691,18.319468,1.770218,,,,,
NGC_2477,5538116717649080000,0.79667148,118.2722945,-38.54,0.6728,15.833811,1.19737,,,,,
NGC_2477,5538865214492960000,0.79649436,118.1519787,-38.61,0.6816,13.4450245,0.760636,,,,,
NGC_2477,5538506842422730000,0.79621623,117.9341932,-38.51,0.6874,15.476744,1.110387,,,,,
NGC_2477,5538882360002300000,0.79523306,117.9845616,-38.45,0.6923,13.614035,0.884951,,,,,
NGC_2477,5538882737959400000,0.79500135,117.9949444,-38.43,0.6863,13.672365,0.880261,,,,,
NGC_2477,5538506838117860000,0.79415718,117.9299888,-38.5,0.6979,17.2371,1.44117,,,,,
NGC_2477,5538114110613510000,0.79411744,118.149947,-38.66,0.7141,15.459778,1.071684,,,,,
NGC_2477,5538870265374380000,0.7938199,118.0289944,-38.49,0.6923,15.512577,1.082188,,,,,
NGC_2477,5538490521546860000,0.79352622,118.0311909,-38.64,0.667,15.054585,0.989583,,,,,
NGC_2477,5538116137838030000,0.79348163,118.2444255,-38.58,0.6674,13.80978,0.9246,,,,,
NGC_2477,5538867447875660000,0.79338144,118.2485249,-38.5,0.6789,16.086279,1.220838,,,,,
NGC_2477,5538869475100490000,0.79326615,118.0171489,-38.52,0.709,15.303412,1.014513,,,,,
NGC_2477,5538489559474310000,0.79314303,118.0893167,-38.66,0.7077,14.8538475,1.012239,,,,,
NGC_2477,5538870093575750000,0.7924871,117.9948551,-38.53,0.6623,14.869466,0.967496,,,,,
NGC_2477,5538865661169340000,0.79220462,118.1727918,-38.55,0.7061,15.892986,1.136929,,,,,
NGC_2477,5538871502320620000,0.79197396,118.11804,-38.44,0.7043,15.212406,1.119696,,,,,
NGC_2477,5538871124367790000,0.79166292,118.0254559,-38.42,0.6772,15.689726,1.167216,,,,,
NGC_2477,5538494816514310000,0.79122275,117.949935,-38.54,0.6678,15.810344,1.226253,,,,,
NGC_2477,5538866417083590000,0.79119843,118.1605818,-38.54,0.6655,15.36843,1.036737,,,,,
NGC_2477,5538510961286830000,0.79098261,117.7762453,-38.43,0.6903,15.271708,1.048343,,,,,
NGC_2477,5538495121447060000,0.79076172,117.9556142,-38.5,0.678,14.729755,0.983331,,,,,
NGC_2477,5538869299002930000,0.79011126,118.0210382,-38.54,0.6595,17.08799,1.332519,,,,,
NGC_2477,5538491758497650000,0.78986182,117.9156719,-38.65,0.674,14.117178,0.9147695,,,,,
NGC_2477,5538867138638080000,0.78974109,118.1765465,-38.54,0.6975,16.592089,1.366146,,,,,
NGC_2477,5538870329792060000,0.78960066,118.0179628,-38.49,0.6664,15.928506,1.155523,,,,,
NGC_2477,5538867890247260000,0.78927813,118.1754253,-38.53,0.707,12.003529,1.518101,,,,,
NGC_2477,5538490452827500000,0.78874947,118.056429,-38.62,0.6724,14.772435,1.008128,,,,,
NGC_2477,5538870815130130000,0.78862865,118.0613182,-38.44,0.6787,13.851283,0.8977835,,,,,
NGC_2477,5538882944117800000,0.78807392,117.9982474,-38.39,0.6832,14.591238,1.081503,,,,,
NGC_2477,5538495018369150000,0.78772452,117.9560454,-38.53,0.6846,18.580503,1.885386,,,,,
NGC_2477,5538872670555970000,0.78762013,118.0547978,-38.39,0.6791,13.265056,0.851157,,,,,
NGC_2477,5538870918209400000,0.78756639,118.0140597,-38.45,0.7446,17.08244,1.438641,,,,,
NGC_2477,5538488867981750000,0.78750981,118.0272337,-38.72,0.7017,16.552488,1.378906,,,,,
NGC_2477,5538867997634480000,0.78582452,118.1702804,-38.5,0.7103,17.447107,1.752203,,,,,
NGC_2477,5538113079821340000,0.78560956,118.2616387,-38.72,0.6943,13.298828,0.859964,,,,,
NGC_2477,5538867134333020000,0.78560585,118.1742801,-38.54,0.727,12.300073,1.457255,,,,,
NGC_2477,5538490727705410000,0.78524322,118.040831,-38.6,0.701,13.379434,0.722633,,,,,
NGC_2477,5538869131503040000,0.78432934,118.0547546,-38.56,0.6649,15.529185,1.1673585,,,,,
NGC_2477,5538493373405330000,0.78412526,117.9563625,-38.62,0.6774,15.682563,1.121397,,,,,
NGC_2477,5538490246669090000,0.78412526,118.0510205,-38.66,0.6807,14.947663,1.043645,,,,,
NGC_2477,5538864935314110000,0.78391702,118.0911012,-38.64,0.7129,19.31352,2.176086,,,,,
NGC_2477,5538870334093870000,0.78309194,118.0154638,-38.48,0.6753,15.5158415,1.102169,,,,,
NGC_2477,5538865661169340000,0.78277477,118.1678159,-38.54,0.6554,15.31666,1.013918,,,,,
NGC_2477,5538882566160780000,0.78251061,117.924501,-38.44,0.687,13.862831,0.8739605,,,,,
NGC_2477,5538512202541870000,0.7823425,117.7749487,-38.38,0.7028,14.462252,0.878831,,,,,
NGC_2477,5538882291282860000,0.78234093,117.9527762,-38.46,0.7042,15.47282,1.105276,,,,,
NGC_2477,5538866966839340000,0.78184078,118.2429388,-38.54,0.6479,15.704875,1.118128,,,,,
NGC_2477,5538490109230000000,0.78167686,118.0022539,-38.66,0.6863,17.402065,1.531611,,,,,
NGC_2477,5538869784337960000,0.78052194,118.100606,-38.48,0.6969,15.924539,1.162527,,,,,
NGC_2477,5538870883849600000,0.7804652,118.0618471,-38.43,0.7139,12.779255,0.824525,,,,,
NGC_2477,5538882566160770000,0.78040095,117.9246557,-38.43,0.7041,13.812178,0.887157,,,,,
NGC_2477,5538882600520490000,0.78037604,117.9492136,-38.42,0.712,13.244166,0.792682,,,,,
NGC_2477,5538110159243580000,0.78031527,118.2782654,-38.72,0.6854,12.60676,0.974818,,,,,
NGC_2477,5538869234582230000,0.78014026,118.053278,-38.53,0.6903,12.503419,0.778303,,,,,
NGC_2477,5538869818697760000,0.77976473,118.0587249,-38.51,0.7201,15.974751,1.151753,,,,,
NGC_2477,5538872326958570000,0.77976461,118.0915997,-38.42,0.6951,14.282407,1.058367,,,,,
NGC_2477,5538507907574650000,0.77955169,117.8556354,-38.45,0.694,16.293444,1.212648,,,,,
NGC_2477,5538490693345540000,0.77954758,118.0279101,-38.62,0.6646,15.568792,1.110219,,,,,
NGC_2477,5538871742842980000,0.77940189,118.1707728,-38.44,0.667,16.056992,1.334873,,,,,
NGC_2477,5538114866527690000,0.7791427,118.3319544,-38.65,0.6814,15.839883,1.341439,,,,,
NGC_2477,5538492480051830000,0.77848991,117.8562133,-38.65,0.6842,17.502005,1.479862,,,,,
NGC_2477,5538869337657770000,0.77844087,118.0047462,-38.54,0.65,16.807325,1.43543,,,,,
NGC_2477,5538867963271800000,0.77842471,118.1617022,-38.51,0.6883,14.028765,0.844064,,,,,
NGC_2477,5538492617491120000,0.77776166,117.8713387,-38.64,0.7116,15.1090765,1.044239,,,,,
NGC_2477,5538869165862850000,0.77771312,118.0684415,-38.53,0.6901,12.770207,0.7746875,,,,,
NGC_2477,5538883317769760000,0.77768788,117.9073189,-38.42,0.7065,12.453194,0.490358,,,,,
NGC_2477,5538869642600320000,0.77732587,118.0754087,-38.5,0.7114,16.750816,1.25312,,,,,
NGC_2477,5538870952569120000,0.77693442,118.0236021,-38.44,0.6845,13.244501,0.803148,,,,,
NGC_2477,5538873185951990000,0.7768513,118.0922592,-38.34,0.6821,14.23874,0.957946,,,,,
NGC_2477,5538872464397500000,0.7768513,118.1155712,-38.39,0.6705,15.280772,1.217418,,,,,
NGC_2477,5538887823200380000,0.77611664,117.8360066,-38.31,0.6891,15.115015,1.04645,,,,,
NGC_2477,5538110227963040000,0.77595511,118.3079224,-38.71,0.6997,13.658458,0.899395,,,,,
NGC_2477,5538490727705410000,0.77583882,118.0375997,-38.6,0.667,15.471793,1.065472,,,,,
NGC_2477,5538866691961500000,0.77571878,118.1344758,-38.51,0.6469,16.482088,1.245379,,,,,
NGC_2477,5538494163679380000,0.77436766,117.8989969,-38.6,0.6706,13.791497,0.819253,,,,,
NGC_2477,5538872494455780000,0.77382113,118.0897167,-38.41,0.6768,18.020254,1.703297,,,,,
NGC_2477,5538867237412230000,0.77376407,118.2275987,-38.52,0.7166,12.614899,0.896214,,,,,
NGC_2477,5538882188203660000,0.77331465,117.9500044,-38.47,0.6925,13.655877,0.801169,,,,,
NGC_2477,5538114729088860000,0.77326383,118.3029722,-38.66,0.686,14.850944,1.18078,,,,,
NGC_2477,5538869131503020000,0.77319391,118.0603857,-38.54,0.7362,12.964453,0.840964,,,,,
NGC_2477,5538507804495450000,0.77308814,117.8584886,-38.48,0.6686,16.1026,1.176727,,,,,
NGC_2477,5538489834352120000,0.77306045,118.019192,-38.68,0.6767,14.547136,1.031619,,,,,
NGC_2477,5538506941197230000,0.77279582,117.9288861,-38.47,0.7405,18.374964,1.812422,,,,,
NGC_2477,5538869097143310000,0.77278288,118.041336,-38.56,0.7019,15.627476,1.054624,,,,,
NGC_2477,5538866898119880000,0.77189111,118.2122449,-38.54,0.7157,15.306041,1.046605,,,,,
NGC_2477,5538865111413600000,0.77156837,118.1254957,-38.6,0.6657,14.044326,0.810507,,,,,
NGC_2477,5538874766499910000,0.77144481,118.2345443,-38.41,0.6701,16.780716,1.425012,,,,,
NGC_2477,5538883528233410000,0.77116121,117.9351,-38.39,0.6774,13.280498,0.815443,,,,,
NGC_2477,5538495022668560000,0.77116023,117.9493822,-38.53,0.7394,14.689678,0.998932,,,,,
NGC_2477,5538869921776960000,0.77113389,118.0504033,-38.48,0.6671,14.250842,0.898415,,,,,
NGC_2477,5538871639763780000,0.77016825,118.1346506,-38.43,0.736,17.30884,1.529083,,,,,
NGC_2477,5538507289099390000,0.77014091,117.8285416,-38.51,0.6833,13.077373,0.787322,,,,,
NGC_2477,5538865248852510000,0.77001623,118.1682819,-38.59,0.7077,12.655794,0.667664,,,,,
NGC_2477,5538871708483260000,0.76938755,118.1176579,-38.41,0.7033,15.463669,1.216696,,,,,
NGC_2477,5538882772319130000,0.76938755,117.9992905,-38.43,0.6975,13.832324,0.882853,,,,,
NGC_2477,5538882802373690000,0.76931919,117.9857742,-38.41,0.691,13.610966,0.913005,,,,,
NGC_2477,5538490452827500000,0.76924198,118.0612369,-38.63,0.6926,15.928734,1.236549,,,,,
NGC_2477,5538871605404040000,0.76913765,118.1317358,-38.43,0.6679,15.456478,1.277602,,,,,
NGC_2477,5538868100710940000,0.76887572,118.1780905,-38.49,0.7243,10.818552,1.778729,,,,,
NGC_2477,5538507014221450000,0.76838316,117.886646,-38.49,0.6605,16.485792,1.288533,,,,,
NGC_2477,5538867001199090000,0.76831868,118.2270911,-38.54,0.7031,16.925026,1.330329,,,,,
NGC_2477,5538866520162850000,0.76799462,118.110146,-38.55,0.6754,13.521,0.775175,,,,,
NGC_2477,5538505021356260000,0.76790617,117.812798,-38.55,0.7231,17.649137,1.507942,,,,,
NGC_2477,5538116137839930000,0.7672601,118.2411426,-38.59,0.7053,16.373453,1.299982,,,,,
NGC_2477,5538883627011070000,0.76725131,117.8730675,-38.39,0.6607,17.899458,1.926483,,,,,
NGC_2477,5538489387675560000,0.7670125,118.0577199,-38.7,0.6861,13.4737425,0.785541,,,,,
NGC_2477,5538506842422830000,0.76681763,117.9259982,-38.51,0.6614,17.431494,1.503482,,,,,
NGC_2477,5538869058489210000,0.76572675,118.0304647,-38.56,0.6967,10.444164,1.619012,,,,,
NGC_2477,5538492995448220000,0.76572299,117.9619405,-38.66,0.7142,16.706455,1.297504,,,,,
NGC_2477,5538882360002290000,0.76544001,117.9913705,-38.44,0.7044,18.235231,1.745394,,,,,
NGC_2477,5538882286977620000,0.7653756,117.9488317,-38.46,0.7061,12.58128,0.829369,,,,,
NGC_2477,5538506739343540000,0.76526806,117.9132364,-38.52,0.7007,14.505744,0.948261,,,,,
NGC_2477,5538866829400410000,0.76522536,118.2220263,-38.57,0.7097,17.017944,1.365575,,,,,
NGC_2477,5538869681258760000,0.7649211,118.0982572,-38.5,0.7405,14.522665,0.933051,,,,,
NGC_2477,5538869200222500000,0.76489272,118.0497962,-38.53,0.7118,17.02078,1.38765,,,,,
NGC_2477,5538883356434770000,0.76480466,117.8918165,-38.41,0.7389,17.69565,1.550923,,,,,
NGC_2477,5538493682642910000,0.76466195,118.0253101,-38.58,0.7013,13.00367,0.736692,,,,,
NGC_2477,5538494026240300000,0.76464198,117.9941565,-38.54,0.7011,12.563813,0.726545,,,,,
NGC_2477,5538490452827500000,0.76445492,118.0660362,-38.62,0.6577,15.675231,1.115701,,,,,
NGC_2477,5538493613923260000,0.76431864,117.9900696,-38.6,0.6633,14.809175,0.954141,,,,,
NGC_2477,5538114007534300000,0.76281744,118.1523943,-38.67,0.7213,12.730498,0.792096,,,,,
NGC_2477,5538871296166420000,0.76264465,118.1232441,-38.46,0.6848,14.097404,0.887614,,,,,
NGC_2477,5538882256923160000,0.76258515,117.9447635,-38.47,0.7053,15.271047,1.065754,,,,,
NGC_2477,5538115897319870000,0.76247809,118.2504672,-38.61,0.6689,16.188135,1.504475,,,,,
NGC_2477,5538493339045320000,0.76163907,117.9216137,-38.62,0.689,13.37266,0.820336,,,,,
NGC_2477,5538507976294100000,0.76116397,117.8916398,-38.44,0.6535,18.007147,1.673023,,,,,
NGC_2477,5538493064167460000,0.7609923,117.9553586,-38.65,0.6865,13.097085,0.816507,,,,,
NGC_2477,5538114763448490000,0.76097717,118.3105226,-38.66,0.6959,15.689902,1.311899,,,,,
NGC_2477,5538868508725950000,0.76027101,118.20528,-38.47,0.6855,17.793135,1.623531,,,,,
NGC_2477,5538506735037230000,0.76024557,117.9175138,-38.51,0.7065,12.090824,1.52183,,,,,
NGC_2477,5538507220379850000,0.76011957,117.905084,-38.46,0.6896,15.897116,1.23419,,,,,
NGC_2477,5538883047197040000,0.76011957,117.9832026,-38.4,0.6957,14.622496,1.004424,,,,,
NGC_2477,5538493717004610000,0.75955514,118.0015573,-38.59,0.6802,14.440978,0.892792,,,,,
NGC_2477,5538869195917320000,0.75929083,118.0500283,-38.54,0.7364,12.827248,0.602829,,,,,
NGC_2477,5538494163679330000,0.75833744,117.9132408,-38.6,0.7161,15.151687,1.030177,,,,,
NGC_2477,5538882566160780000,0.7583289,117.9251356,-38.44,0.6865,14.878515,1.167331,,,,,
NGC_2477,5538116374050840000,0.75742604,118.3032634,-38.57,0.676,13.458812,0.8541035,,,,,
NGC_2477,5538884387226770000,0.75732215,118.0332464,-38.39,0.6944,16.786596,1.366924,,,,,
NGC_2477,5538884043629550000,0.75708085,117.9629906,-38.35,0.6731,14.326495,0.970176,,,,,
NGC_2477,5538865523730430000,0.75703024,118.1451252,-38.58,0.6985,14.976835,0.928437,,,,,
NGC_2477,5538512408700290000,0.75692612,117.7842219,-38.34,0.6957,15.1780405,1.002363,,,,,
NGC_2477,5538490624626080000,0.75649112,118.038275,-38.63,0.6863,14.297227,0.908704,,,,,
NGC_2477,5538870540252290000,0.75625278,118.0088808,-38.47,0.6801,16.04402,1.21431,,,,,
NGC_2477,5538114454205740000,0.75608922,118.1913752,-38.64,0.6956,16.121084,1.239283,,,,,
NGC_2477,5538869646899050000,0.75606212,118.077603,-38.51,0.7247,16.707977,1.2854675,,,,,
NGC_2477,5538494610355630000,0.75536561,117.9439148,-38.58,0.688,15.343628,1.044701,,,,,
NGC_2477,5538490109230170000,0.75530888,118.0060481,-38.66,0.7016,16.431026,1.277266,,,,,
NGC_2477,5538506327026700000,0.75510386,117.8983722,-38.54,0.6895,14.299458,0.880325,,,,,
NGC_2477,5538111567992810000,0.75415991,118.3669009,-38.7,0.6823,13.81118,0.973037,,,,,
NGC_2477,5538869303301740000,0.75392826,118.0338627,-38.54,0.69,15.268366,1.0308845,,,,,
NGC_2477,5538869612539330000,0.75381618,118.0637972,-38.51,0.7483,16.508198,1.22806,,,,,
NGC_2477,5538866893818120000,0.75323135,118.2119309,-38.55,0.6587,17.279276,1.415949,,,,,
NGC_2477,5538882772319120000,0.75309585,118.0035451,-38.42,0.7059,13.727906,0.905287,,,,,
NGC_2477,5538866344059040000,0.75284157,118.1229122,-38.55,0.6783,12.991837,0.829278,,,,,
NGC_2477,5538865592449870000,0.75225212,118.1793813,-38.57,0.6679,14.405136,1.002534,,,,,
NGC_2477,5538869917471810000,0.75195487,118.0551612,-38.48,0.6982,11.78193,1.47204,,,,,
NGC_2477,5538492892369060000,0.75195425,117.8500952,-38.62,0.6754,14.213328,0.887638,,,,,
NGC_2477,5538869612539330000,0.75171531,118.0710101,-38.52,0.667,18.288462,1.842235,,,,,
NGC_2477,5538489044078290000,0.75153517,118.0292627,-38.7,0.6843,14.005724,0.919051,,,,,
NGC_2477,5538113801375860000,0.75123802,118.2037828,-38.68,0.7115,12.5281315,0.956692,,,,,
NGC_2477,5538116172192570000,0.7512351,118.2249507,-38.59,0.665,17.486671,1.503456,,,,,
NGC_2477,5538866417083590000,0.75087182,118.158543,-38.53,0.6626,13.437693,0.777176,,,,,
NGC_2477,5538488700480900000,0.75083489,118.0568915,-38.74,0.6596,14.148656,1.009131,,,,,
NGC_2477,5538866210925230000,0.75068142,118.0902988,-38.55,0.7278,14.589631,0.986267,,,,,
NGC_2477,5538865936047320000,0.75063066,118.1135165,-38.57,0.6802,15.521598,1.059846,,,,,
NGC_2477,5538506116563350000,0.75002219,117.7739117,-38.5,0.6798,18.246891,1.771034,,,,,
NGC_2477,5538487596667730000,0.74991473,117.9167797,-38.79,0.6845,18.673365,1.926716,,,,,
NGC_2477,5538867069918600000,0.74951739,118.1871614,-38.55,0.7043,15.398223,1.071494,,,,,
NGC_2477,5538870746410680000,0.74902122,118.0395444,-38.46,0.6854,15.395713,1.095752,,,,,
NGC_2477,5538865485068800000,0.74870232,118.1303219,-38.59,0.7014,19.36313,2.16161,,,,,
NGC_2477,5538866176565520000,0.74844962,118.0733787,-38.56,0.6505,15.74014,1.10949,,,,,
NGC_2477,5538867963271810000,0.74827523,118.1523114,-38.52,0.6837,13.634107,0.8080965,,,,,
NGC_2477,5538865936047330000,0.7482063,118.0987663,-38.57,0.6623,14.613053,0.929569,,,,,
NGC_2477,5538868375588640000,0.74781581,118.1549099,-38.47,0.7105,18.003641,1.653079,,,,,
NGC_2477,5538504918277060000,0.74778408,117.8238532,-38.58,0.6869,15.400788,1.095378,,,,,
NGC_2477,5538488082005440000,0.74712112,117.9374027,-38.75,0.6984,14.139061,0.9441845,,,,,
NGC_2477,5538870192360580000,0.74708785,117.9993136,-38.5,0.7104,12.5032425,0.694152,,,,,
NGC_2477,5538109815646190000,0.74657135,118.3145463,-38.75,0.6817,14.453678,1.155691,,,,,
NGC_2477,5538870643331480000,0.74646096,118.0357454,-38.47,0.652,16.1647,1.376795,,,,,
NGC_2477,5538868169430230000,0.74552337,118.1524487,-38.5,0.6849,14.417248,0.950049,,,,,
NGC_2477,5538871120066210000,0.74545041,118.0255923,-38.42,0.6924,19.11548,2.094606,,,,,
NGC_2477,5538507151656210000,0.74543905,117.9118728,-38.47,0.7294,19.771278,2.178182,,,,,
NGC_2477,5537737527880460000,0.74495369,118.1586654,-38.75,0.6973,14.767162,1.146499,,,,,
NGC_2477,5538870093575740000,0.74489547,117.9979102,-38.53,0.7253,15.677035,1.107126,,,,,
NGC_2477,5538116756313280000,0.74483779,118.2808348,-38.52,0.6875,13.068689,0.931258,,,,,
NGC_2477,5538491552339220000,0.74444637,117.9244527,-38.67,0.6715,15.438387,1.099891,,,,,
NGC_2477,5538873666988270000,0.74420979,118.2776203,-38.46,0.6644,15.067586,1.1434495,,,,,
NGC_2477,5538114488570620000,0.74402824,118.2054405,-38.64,0.7172,15.092292,1.104863,,,,,
NGC_2477,5538493510844060000,0.743833,117.9900252,-38.62,0.6616,16.235207,1.182485,,,,,
NGC_2477,5538869402075750000,0.74383173,118.0326771,-38.53,0.7016,12.339299,0.8268455,,,,,
NGC_2477,5538887032926400000,0.74348093,117.8655923,-38.33,0.7,14.345205,0.949686,,,,,
NGC_2477,5538868169430240000,0.74338262,118.1440101,-38.51,0.7257,16.36368,1.244839,,,,,
NGC_2477,5538884352866780000,0.74307208,117.9495474,-38.3,0.6881,13.848626,0.920491,,,,,
NGC_2477,5538865519431720000,0.74253057,118.1437531,-38.57,0.6738,15.030761,0.96452,,,,,
NGC_2477,5538864596017040000,0.74251602,118.126264,-38.67,0.6861,16.960745,1.358606,,,,,
NGC_2477,5538115244484810000,0.7424838,118.3015111,-38.61,0.6846,15.043453,1.233368,,,,,
NGC_2477,5538872430037770000,0.74241638,118.1064137,-38.41,0.6644,16.02743,1.350331,,,,,
NGC_2477,5538488872279610000,0.74223277,118.0207567,-38.73,0.6771,12.901151,1.509786,,,,,
NGC_2477,5538872911074090000,0.7419718,118.1079651,-38.37,0.6834,15.982549,1.236826,,,,,
NGC_2477,5538116069118530000,0.74184435,118.2767632,-38.57,0.6603,15.555779,1.197809,,,,,
NGC_2477,5538866176565520000,0.74176826,118.0760671,-38.57,0.6619,13.123503,0.700794,,,,,
NGC_2477,5538488769200380000,0.74174256,118.0459415,-38.72,0.667,16.973255,1.567966,,,,,
NGC_2477,5538870608971770000,0.74166146,117.9989667,-38.46,0.7421,16.292585,1.285285,,,,,
NGC_2477,5538868925344410000,0.74165961,118.1942574,-38.42,0.719,16.86971,1.422335,,,,,
NGC_2477,5538872430037770000,0.74144872,118.1025061,-38.41,0.6689,13.103638,1.016318,,,,,
NGC_2477,5538492102094710000,0.74128367,117.836453,-38.67,0.6913,13.779733,0.905554,,,,,
NGC_2477,5538492273893390000,0.74128367,117.8141845,-38.67,0.6785,16.25976,1.261019,,,,,
NGC_2477,5538116099174150000,0.74109299,118.2324384,-38.6,0.6794,18.86252,2.337413,,,,,
NGC_2477,5538884318507050000,0.74060567,117.9375808,-38.32,0.7009,15.087335,1.103991,,,,,
NGC_2477,5538494679075370000,0.73895629,117.9411928,-38.56,0.7137,14.173978,0.833693,,,,,
NGC_2477,5538866103544120000,0.73865757,118.0822647,-38.57,0.6924,16.402517,1.382916,,,,,
NGC_2477,5538121669755840000,0.73840059,118.3550356,-38.55,0.6826,16.147089,1.395811,,,,,
NGC_2477,5538865764248690000,0.73835245,118.073714,-38.61,0.659,15.560642,1.110096,,,,,
NGC_2477,5538489799992380000,0.73824395,118.0148094,-38.69,0.7024,12.704386,0.897061,,,,,
NGC_2477,5538110051859330000,0.7381074,118.2811374,-38.73,0.6741,17.674267,1.628149,,,,,
NGC_2477,5538507456593260000,0.73793901,117.8219588,-38.49,0.6944,16.539417,1.302883,,,,,
NGC_2477,5538868444308080000,0.73792634,118.2215239,-38.48,0.6834,15.233564,1.09594,,,,,
NGC_2477,5538510450195230000,0.73773845,117.6994249,-38.43,0.6985,17.752228,1.5306,,,,,
NGC_2477,5538116137838030000,0.73724414,118.2430859,-38.59,0.7201,15.923652,1.21803,,,,,
NGC_2477,5538872361318510000,0.73708112,118.0653524,-38.42,0.7004,14.911725,1.0454415,,,,,
NGC_2477,5538486913774410000,0.73702479,117.9972531,-38.81,0.6891,14.622487,1.040098,,,,,
NGC_2477,5538869268942070000,0.73683069,118.0212855,-38.55,0.7172,17.530268,1.464144,,,,,
NGC_2477,5538884868263080000,0.73579138,118.0306712,-38.33,0.6916,14.541108,1.044284,,,,,
NGC_2477,5538493201606400000,0.73575742,117.9668804,-38.63,0.6628,13.702679,0.800874,,,,,
NGC_2477,5538867894552320000,0.73515496,118.1692797,-38.52,0.6449,16.41009,1.258094,,,,,
NGC_2477,5538869749978240000,0.73424817,118.0904257,-38.49,0.6701,13.840643,0.79437,,,,,
NGC_2477,5538506223947130000,0.73415341,117.8424527,-38.56,0.7081,17.253334,1.43107,,,,,
NGC_2477,5538491621058420000,0.73406235,117.894609,-38.69,0.7042,15.230913,1.099482,,,,,
NGC_2477,5538864939615050000,0.73316403,118.0868306,-38.64,0.6628,14.039157,0.872818,,,,,
NGC_2477,5537738111996340000,0.73316403,118.0883415,-38.74,0.6763,13.108438,0.944235,,,,,
NGC_2477,5538494885233810000,0.73313465,117.9206054,-38.55,0.713,11.61341,0.327242,,,,,
NGC_2477,5538867550954860000,0.73309836,118.2741144,-38.49,0.6756,14.46467,0.965181,,,,,
NGC_2477,5538114110613510000,0.73243522,118.1497094,-38.66,0.6631,16.63745,1.308011,,,,,
NGC_2477,5538489318956140000,0.73219812,118.0998663,-38.68,0.7138,14.60143,1.040358,,,,,
NGC_2477,5538113182900550000,0.73208683,118.2616078,-38.7,0.7023,16.670713,1.43612,,,,,
NGC_2477,5538865485065590000,0.73182177,118.1400073,-38.59,0.7297,12.668902,0.6506275,,,,,
NGC_2477,5538883871830760000,0.73144218,117.9574142,-38.37,0.6753,14.097996,0.947754,,,,,
NGC_2477,5538116206557510000,0.73068007,118.2388901,-38.58,0.6864,13.461403,0.837327,,,,,
NGC_2477,5538882772319130000,0.73044967,117.9970251,-38.42,0.71,14.054232,0.964718,,,,,
NGC_2477,5538867928912050000,0.73041997,118.1802946,-38.52,0.673,13.535427,0.784126,,,,,
NGC_2477,5538114694730920000,0.73038177,118.2040852,-38.6,0.6558,15.293159,1.108654,,,,,
NGC_2477,5538112770583320000,0.73024733,118.2269557,-38.72,0.6823,13.820017,1.068845,,,,,
NGC_2477,5538869642593910000,0.73021299,118.0712118,-38.5,0.7319,12.1208725,1.450281,,,,,
NGC_2477,5538507186020130000,0.73010528,117.887247,-38.47,0.6802,16.69591,1.317887,,,,,
NGC_2477,5538490968223400000,0.73006074,117.8707464,-38.72,0.7052,15.504251,1.41433,,,,,
NGC_2477,5538869612539310000,0.72909798,118.0783518,-38.51,0.7308,12.779811,0.852598,,,,,
NGC_2477,5538113938814410000,0.72883701,118.1503785,-38.68,0.6927,15.643774,1.137787,,,,,
NGC_2477,5538867928912050000,0.7286557,118.1808987,-38.52,0.6916,15.8348875,1.167577,,,,,
NGC_2477,5538871635462260000,0.72861415,118.1337083,-38.42,0.7345,18.12489,1.767531,,,,,
NGC_2477,5538504162362820000,0.72855678,117.7889385,-38.63,0.6916,17.991068,1.632227,,,,,
NGC_2477,5538884765183890000,0.72842737,118.0069549,-38.34,0.7137,14.706301,1.0951185,,,,,
NGC_2477,5538872498757250000,0.72823567,118.0867092,-38.39,0.688,15.796322,1.256734,,,,,
NGC_2477,5538883528233430000,0.72799734,117.9243232,-38.39,0.6876,16.955326,1.534102,,,,,
NGC_2477,5538882806678880000,0.72784649,117.9841328,-38.42,0.7287,12.640737,0.89548,,,,,
NGC_2477,5538488803560110000,0.7278361,118.0520535,-38.72,0.66,14.520323,0.971523,,,,,
NGC_2477,5538870535950550000,0.72703719,118.0042562,-38.46,0.7366,18.116379,1.757162,,,,,
NGC_2477,5538869921776960000,0.72670253,118.0542616,-38.48,0.6865,15.827315,1.16261,,,,,
NGC_2477,5538869887417230000,0.7266996,118.047645,-38.48,0.7105,14.92519,1.063556,,,,,
NGC_2477,5538506047843830000,0.72644709,117.7803513,-38.51,0.6825,14.501291,1.036371,,,,,
NGC_2477,5538491689777880000,0.72639316,117.8776042,-38.67,0.6749,13.302914,0.80138,,,,,
NGC_2477,5538504986996510000,0.72612431,117.8010628,-38.56,0.7121,13.404712,0.726784,,,,,
NGC_2477,5538866485798920000,0.72595936,118.1431116,-38.53,0.7246,14.017358,0.845454,,,,,
NGC_2477,5538868822265190000,0.72593228,118.1973347,-38.43,0.7164,15.545518,1.181981,,,,,
NGC_2477,5538870089270520000,0.72575706,117.9976687,-38.53,0.7292,12.374234,0.7337285,,,,,
NGC_2477,5538112873662530000,0.72574737,118.187629,-38.73,0.6999,15.706709,1.273537,,,,,
NGC_2477,5538557484372760000,0.72523563,117.646073,-38.39,0.708,16.35623,1.147668,,,,,
NGC_2477,5538506361388270000,0.72510736,117.8675405,-38.54,0.6725,13.656299,0.829575,,,,,
NGC_2477,5538872769330080000,0.72506254,118.0627946,-38.37,0.7187,12.622082,0.909662,,,,,
NGC_2477,5538867688393840000,0.72479276,118.2243856,-38.48,0.6916,14.098153,0.907346,,,,,
NGC_2477,5538868616106750000,0.72479276,118.2478253,-38.45,0.6843,13.671798,0.922358,,,,,
NGC_2477,5538116648929570000,0.72479276,118.2847379,-38.55,0.6685,17.75754,1.602879,,,,,
NGC_2477,5538491140022070000,0.72473372,117.8422653,-38.72,0.6985,12.729066,1.12129,,,,,
NGC_2477,5538883596952930000,0.72472672,117.8879821,-38.4,0.7076,16.718191,1.317473,,,,,
NGC_2477,5538110159243570000,0.7246822,118.2854424,-38.72,0.6755,15.548559,1.253399,,,,,
NGC_2477,5538494988313020000,0.72456654,117.919918,-38.53,0.6986,11.373061,1.437704,,,,,
NGC_2477,5538491994710040000,0.72411552,117.8396477,-38.71,0.6871,15.312129,1.180949,,,,,
NGC_2477,5538869608234170000,0.72367707,118.0650958,-38.51,0.7254,11.586767,1.445963,,,,,
NGC_2477,5538882566160770000,0.72364257,117.9270242,-38.43,0.6776,15.702853,1.312739,,,,,
NGC_2477,5538866000464880000,0.72352831,118.0613044,-38.58,0.6582,18.937576,2.162632,,,,,
NGC_2477,5538864767816210000,0.7233461,118.1607373,-38.64,0.699,14.111504,0.883305,,,,,
NGC_2477,5538867516595110000,0.72318592,118.2956404,-38.49,0.6501,15.824653,1.203542,,,,,
NGC_2477,5538113767016120000,0.72271461,118.1895884,-38.69,0.6662,15.779175,1.205565,,,,,
NGC_2477,5538506120867840000,0.72258642,117.768346,-38.5,0.709,15.023765,1.052058,,,,,
NGC_2477,5538494301117970000,0.72226237,117.9213854,-38.57,0.6896,14.08268,0.876053,,,,,
NGC_2477,5538511137390070000,0.72207511,117.8284334,-38.43,0.6863,15.900357,1.151795,,,,,
NGC_2477,5538489456389180000,0.7220468,118.0489896,-38.67,0.7052,19.405102,2.29731,,,,,
NGC_2477,5538868169430220000,0.72191091,118.1560105,-38.5,0.6775,15.140013,1.079267,,,,,
NGC_2477,5538872597535010000,0.72181056,118.0656868,-38.4,0.7107,18.81652,1.951325,,,,,
NGC_2477,5538867069918600000,0.721775,118.1867174,-38.55,0.6479,16.998524,1.372221,,,,,
NGC_2477,5538493510837880000,0.72094971,117.9980221,-38.63,0.7285,16.469818,1.338825,,,,,
NGC_2477,5538866172268990000,0.720881,118.0639401,-38.56,0.7499,12.541243,0.867615,,,,,
NGC_2477,5538489628195790000,0.72037541,118.0814161,-38.66,0.6881,12.918129,0.727361,,,,,
NGC_2477,5538872842354610000,0.72007002,118.1242193,-38.39,0.6872,13.5033,0.900858,,,,,
NGC_2477,5538870059215870000,0.71995085,118.0787378,-38.45,0.6736,16.499304,1.296106,,,,,
NGC_2477,5538493957520820000,0.71992424,118.0051902,-38.56,0.6605,14.582648,0.874938,,,,,
NGC_2477,5538868375588630000,0.71985059,118.166475,-38.47,0.7132,16.61392,1.3537525,,,,,
NGC_2477,5538512614858730000,0.71942088,117.7749381,-38.33,0.6966,15.778589,1.078815,,,,,
NGC_2477,5538882424420970000,0.71912834,117.9737538,-38.44,0.6601,16.643414,1.333762,,,,,
NGC_2477,5538490693345690000,0.7191077,118.0272502,-38.61,0.7044,14.507052,0.9074575,,,,,
NGC_2477,5538884352866780000,0.71900337,117.9503046,-38.32,0.6835,15.014235,1.070351,,,,,
NGC_2477,5538866760680980000,0.71880575,118.1224613,-38.5,0.6616,14.164363,0.914891,,,,,
NGC_2477,5538506945502050000,0.71864888,117.9196681,-38.48,0.7376,12.418703,1.537653,,,,,
NGC_2477,5538495057032470000,0.71857892,117.9518361,-38.51,0.6842,16.124432,1.185848,,,,,
NGC_2477,5538871910340230000,0.71854497,118.205007,-38.4,0.6891,17.812305,1.629208,,,,,
NGC_2477,5538512168182140000,0.71817133,117.7269982,-38.37,0.7015,14.468734,0.82943,,,,,
NGC_2477,5537738455593720000,0.71791173,118.1205469,-38.73,0.6897,14.170857,1.0629615,,,,,
NGC_2477,5538488769200380000,0.71779647,118.048903,-38.72,0.6734,15.128259,1.101186,,,,,
NGC_2477,5538868341228880000,0.71779452,118.1820564,-38.46,0.6997,14.2051525,0.970305,,,,,
NGC_2477,5538490448521260000,0.71736908,118.0594901,-38.62,0.6748,11.874189,1.421278,,,,,
NGC_2477,5538873529549300000,0.71704343,118.317151,-38.45,0.6602,15.37086,1.18378,,,,,
NGC_2477,5538870952569130000,0.71690337,118.0222455,-38.45,0.6772,17.577654,1.54139,,,,,
NGC_2477,5538494782154550000,0.71685893,117.9804623,-38.53,0.6842,13.387391,0.740192,,,,,
NGC_2477,5538872979793530000,0.71673065,118.1521577,-38.36,0.678,13.84446,0.980768,,,,,
NGC_2477,5538868646164960000,0.71636906,118.2224987,-38.45,0.7223,15.195709,1.134675,,,,,
NGC_2477,5538115759880850000,0.716123,118.3359501,-38.55,0.6985,14.305917,1.044531,,,,,
NGC_2477,5537738043276500000,0.71602216,118.0969801,-38.76,0.6815,14.770538,1.179143,,,,,
NGC_2477,5538481588014900000,0.71595971,117.89594,-38.82,0.6987,14.009745,0.872081,,,,,
NGC_2477,5538883455212330000,0.71592223,117.9328059,-38.4,0.6709,17.333445,1.49533,,,,,
NGC_2477,5538511137390060000,0.71577,117.8298909,-38.42,0.6864,12.949979,0.7536,,,,,
NGC_2477,5538870157989990000,0.71553524,117.9812908,-38.52,0.6607,12.994061,0.710678,,,,,
NGC_2477,5538110086219980000,0.71496793,118.2806261,-38.73,0.7008,16.66392,1.434242,,,,,
NGC_2477,5538110193603300000,0.71492228,118.3003247,-38.72,0.6701,16.322277,1.354393,,,,,
NGC_2477,5538882905456550000,0.71485671,118.0299487,-38.39,0.6887,18.243671,1.783421,,,,,
NGC_2477,5538868478667800000,0.71485,118.2259104,-38.46,0.6476,16.575123,1.368032,,,,,
NGC_2477,5538511785920630000,0.71479865,117.7458427,-38.41,0.7251,19.101133,2.117345,,,,,
NGC_2477,5538486982493880000,0.71467595,117.9880151,-38.8,0.6828,16.980574,1.486534,,,,,
NGC_2477,5538870570310260000,0.71435912,117.9745655,-38.47,0.7057,17.569004,1.511211,,,,,
NGC_2477,5537738455593360000,0.71403075,118.1140864,-38.73,0.6853,15.927308,1.368618,,,,,
NGC_2477,5538864870895480000,0.71375957,118.1019555,-38.64,0.7431,17.512493,1.521287,,,,,
NGC_2477,5538866417083590000,0.71369604,118.1570367,-38.53,0.7003,12.007345,1.40917,,,,,
NGC_2477,5538869749978250000,0.71364998,118.0856591,-38.49,0.6907,14.693629,0.944851,,,,,
NGC_2477,5537738627392030000,0.71336052,118.112146,-38.7,0.6949,15.499046,1.212275,,,,,
NGC_2477,5538872631894740000,0.71334724,118.0506372,-38.4,0.714,18.28688,1.754617,,,,,
NGC_2477,5538488769200270000,0.71324898,118.0481891,-38.73,0.6613,14.032113,0.943811,,,,,
NGC_2477,5538866928177860000,0.71275994,118.2383724,-38.54,0.6877,16.39214,1.395963,,,,,
NGC_2477,5538512301316950000,0.71240288,117.7702876,-38.36,0.7133,19.378794,2.366453,,,,,
NGC_2477,5538871502324850000,0.71195862,118.1136996,-38.44,0.7117,11.873267,1.467659,,,,,
NGC_2477,5538489868705890000,0.71194064,118.0078717,-38.68,0.7195,14.953917,1.144613,,,,,
NGC_2477,5538494777848280000,0.71184804,117.9873598,-38.54,0.6626,12.072907,1.384489,,,,,
NGC_2477,5538869470798560000,0.71178775,118.0251183,-38.51,0.7154,17.746922,1.565517,,,,,
NGC_2477,5538504677759280000,0.71144968,117.8536787,-38.59,0.701,12.639699,1.013886,,,,,
NGC_2477,5538507735775990000,0.71141163,117.7989938,-38.47,0.6677,17.454575,1.518259,,,,,
NGC_2477,5538865008334400000,0.71118403,118.1230141,-38.61,0.6795,15.756833,1.074821,,,,,
NGC_2477,5538868409948360000,0.7110889,118.171944,-38.45,0.7159,13.007937,0.972023,,,,,
NGC_2477,5538865626809620000,0.71091022,118.151397,-38.56,0.6674,17.02255,1.513756,,,,,
NGC_2477,5538865386291430000,0.71091022,118.1961583,-38.58,0.6656,14.661757,1.068488,,,,,
NGC_2477,5538866451443350000,0.71091022,118.1381,-38.54,0.6683,14.647558,1.022219,,,,,
NGC_2477,5538871399245620000,0.71089638,118.1377262,-38.45,0.6717,13.580955,1.017246,,,,,
NGC_2477,5538866588882340000,0.71069147,118.0956506,-38.54,0.7253,16.785599,1.280929,,,,,
NGC_2477,5538884936982520000,0.71068778,118.0751607,-38.33,0.6997,15.601198,1.177199,,,,,
NGC_2477,5537737562240210000,0.71063142,118.175469,-38.74,0.6634,14.621937,1.120548,,,,,
NGC_2477,5538870368453660000,0.71030309,117.9713961,-38.51,0.6637,15.955839,1.150494,,,,,
NGC_2477,5538493682642920000,0.71026797,118.0234284,-38.58,0.7172,12.835946,0.788498,,,,,
NGC_2477,5538883768751620000,0.70918738,117.8898824,-38.38,0.6757,17.489603,1.509951,,,,,
NGC_2477,5538865008334400000,0.7086348,118.1281966,-38.62,0.6631,14.356372,0.857762,,,,,
NGC_2477,5538487085573110000,0.70843107,118.0269179,-38.77,0.6784,14.335461,1.085942,,,,,
NGC_2477,5538871811562450000,0.70820648,118.1665843,-38.42,0.698,14.070155,1.0416245,,,,,
NGC_2477,5538508045013570000,0.70792369,117.8901498,-38.43,0.6787,16.027905,1.207018,,,,,
NGC_2477,5538488666121070000,0.70689588,118.0432466,-38.74,0.6836,16.860195,1.449135,,,,,
NGC_2477,5538109987444870000,0.70678232,118.318117,-38.73,0.6881,11.949642,1.67457,,,,,
NGC_2477,5538115725521110000,0.70671331,118.3604722,-38.56,0.6914,13.342081,0.91549,,,,,
NGC_2477,5538866240983060000,0.70641775,118.1353933,-38.58,0.656,17.074175,1.339369,,,,,
NGC_2477,5538870123636650000,0.70595424,117.9986371,-38.51,0.6378,16.517052,1.220318,,,,,
NGC_2477,5538494713435100000,0.70595424,117.9478935,-38.55,0.6299,16.448137,1.20697,,,,,
NGC_2477,5538870986928870000,0.70594682,118.0053622,-38.44,0.7076,14.734797,1.095124,,,,,
NGC_2477,5538867752811690000,0.70594477,118.2579668,-38.48,0.6672,17.35312,1.504497,,,,,
NGC_2477,5538489417729720000,0.70577966,118.0757448,-38.68,0.6957,15.584899,1.300996,,,,,
NGC_2477,5538867997631520000,0.7056306,118.1721212,-38.5,0.6863,15.224215,1.097903,,,,,
NGC_2477,5538504815198240000,0.70542597,117.8048234,-38.59,0.7141,16.40729,1.226421,,,,,
NGC_2477,5538507662751680000,0.70542597,117.8090772,-38.48,0.7218,18.916739,1.92885,,,,,
NGC_2477,5538869097143370000,0.7048912,118.032545,-38.54,0.7262,12.102543,1.432346,,,,,
NGC_2477,5537738416927580000,0.70480096,118.1008504,-38.73,0.7019,18.115196,1.72459,,,,,
NGC_2477,5538488013285990000,0.70478497,117.9460678,-38.77,0.7001,15.537347,1.126475,,,,,
NGC_2477,5538491792857090000,0.70471083,117.894858,-38.65,0.7148,17.33558,1.52282,,,,,
NGC_2477,5538867997631530000,0.70465457,118.1630376,-38.5,0.6592,15.131179,1.046605,,,,,
NGC_2477,5538868440006450000,0.7046049,118.2123172,-38.48,0.6488,15.771443,1.191167,,,,,
NGC_2477,5538888785273030000,0.7045665,117.9485365,-38.28,0.6928,14.285425,0.931015,,,,,
NGC_2477,5538865420651390000,0.70436831,118.1512156,-38.59,0.6547,14.704269,0.924849,,,,,
NGC_2477,5538868478667810000,0.70430784,118.2258771,-38.47,0.7007,14.288336,1.021097,,,,,
NGC_2477,5538870574612060000,0.70429195,117.9789761,-38.46,0.7204,12.803566,0.9584,,,,,
NGC_2477,5538872155159820000,0.70403595,118.162607,-38.38,0.6982,11.266976,1.781192,,,,,
NGC_2477,5538879061467180000,0.70403595,118.2097519,-38.3,0.6815,16.89008,1.41835,,,,,
NGC_2477,5538868341229110000,0.70370683,118.1785097,-38.47,0.6778,16.7761,1.421259,,,,,
NGC_2477,5538507834550430000,0.70312993,117.8785504,-38.47,0.6673,15.777813,1.156859,,,,,
NGC_2477,5538883317773330000,0.70303226,117.9251555,-38.42,0.7214,16.933231,1.41519,,,,,
NGC_2477,5538870162295230000,0.70303146,117.978879,-38.52,0.7549,16.584929,1.247145,,,,,
NGC_2477,5538883253355430000,0.7030265,117.9885402,-38.36,0.7174,15.756511,1.263017,,,,,
NGC_2477,5538871807260980000,0.7028929,118.1564994,-38.41,0.6716,17.380642,1.533172,,,,,
NGC_2477,5538504883917300000,0.70285502,117.7895961,-38.57,0.6704,13.723982,0.835583,,,,,
NGC_2477,5538489250236630000,0.70266233,118.1042088,-38.7,0.7111,12.821915,0.840925,,,,,
NGC_2477,5538505914709870000,0.70246799,117.7673398,-38.54,0.7076,15.708557,1.161622,,,,,
NGC_2477,5538869097143320000,0.70239103,118.0346814,-38.56,0.7224,16.23488,1.151274,,,,,
NGC_2477,5538494056294620000,0.70235195,117.9044247,-38.61,0.7299,17.936192,1.606031,,,,,
NGC_2477,5538869440740650000,0.70221834,118.0562967,-38.51,0.6752,15.987034,1.138377,,,,,
NGC_2477,5538888991431450000,0.70217428,117.9523406,-38.25,0.6944,13.404846,0.812216,,,,,
NGC_2477,5538116236612660000,0.70149203,118.2546316,-38.58,0.6794,15.737124,1.180905,,,,,
NGC_2477,5538871158727520000,0.70128788,118.0340342,-38.41,0.6809,15.076485,1.110881,,,,,
NGC_2477,5538867963271810000,0.69997543,118.1520194,-38.52,0.6852,18.704872,1.935981,,,,,
NGC_2477,5538884181068100000,0.6998545,117.9187867,-38.35,0.6802,14.2510805,0.97879,,,,,
NGC_2477,5538883115916510000,0.69980804,117.9752676,-38.38,0.6731,15.973883,1.220928,,,,,
NGC_2477,5538491479319460000,0.69973724,117.9442767,-38.68,0.6559,16.697498,1.34742,,,,,
NGC_2477,5538868341228890000,0.69871325,118.1778144,-38.47,0.6718,15.758245,1.217826,,,,,
NGC_2477,5538871158727510000,0.69861587,118.0327861,-38.4,0.6556,14.735795,1.03379,,,,,
NGC_2477,5538866382723870000,0.6983624,118.1446448,-38.55,0.6863,14.84122,0.96827,,,,,
NGC_2477,5538866176565510000,0.69809977,118.0743507,-38.56,0.6998,10.41271,1.436176,,,,,
NGC_2477,5538871158727520000,0.69806335,118.0393838,-38.42,0.7226,16.571575,1.354699,,,,,
NGC_2477,5538882703599700000,0.69700343,117.9444885,-38.41,0.6778,16.026636,1.26064,,,,,
NGC_2477,5538506430098500000,0.69678653,117.8428774,-38.55,0.6942,19.165253,2.104793,,,,,
NGC_2477,5538511137390070000,0.6965644,117.8235073,-38.42,0.6886,13.796493,0.817586,,,,,
NGC_2477,5538865180133030000,0.69587265,118.1824553,-38.62,0.7324,13.441087,0.837047,,,,,
NGC_2477,5538491655418140000,0.69565924,117.8676915,-38.68,0.6975,14.89959,1.051089,,,,,
NGC_2477,5538868581747280000,0.6954486,118.2378436,-38.46,0.6653,14.540181,1.011721,,,,,
NGC_2477,5538887788840650000,0.69538079,117.8149285,-38.31,0.7,16.257423,1.195747,,,,,
NGC_2477,5538505742910750000,0.69533297,117.7984964,-38.55,0.6864,14.237109,0.873653,,,,,
NGC_2477,5538865729888930000,0.69525966,118.0933554,-38.61,0.6715,13.8291,0.834601,,,,,
NGC_2477,5538493991880690000,0.69525966,117.9837303,-38.57,0.6789,13.371842,0.788924,,,,,
NGC_2477,5538883493873700000,0.69472575,117.9176623,-38.4,0.6696,14.434022,0.980756,,,,,
NGC_2477,5538869337661490000,0.69425393,118.0119692,-38.54,0.6785,13.430729,0.753181,,,,,
NGC_2477,5538113148540820000,0.69420386,118.2387838,-38.71,0.7198,12.34612,1.607017,,,,,
NGC_2477,5538869784337960000,0.69418883,118.1017867,-38.48,0.6995,15.454981,1.094522,,,,,
NGC_2477,5538864836535690000,0.69400651,118.146148,-38.62,0.6501,15.358445,1.0408245,,,,,
NGC_2477,5538869131499190000,0.69384745,118.0603296,-38.56,0.6433,16.187826,1.526946,,,,,
NGC_2477,5538864763511090000,0.69381487,118.1521848,-38.63,0.7083,11.872273,1.409444,,,,,
NGC_2477,5538884936982520000,0.69322462,118.0868481,-38.33,0.6839,15.87146,1.224092,,,,,
NGC_2477,5538866756379230000,0.69302018,118.1309676,-38.51,0.764,18.380245,1.835911,,,,,
NGC_2477,5538868719185990000,0.69270181,118.1989354,-38.46,0.7315,16.256536,1.266583,,,,,
NGC_2477,5538493682642920000,0.6926214,118.0213026,-38.59,0.6669,13.296466,0.762527,,,,,
NGC_2477,5538866588878370000,0.69227556,118.0895964,-38.54,0.6389,19.985006,1.99299,,,,,
NGC_2477,5538113595217400000,0.69223046,118.2515586,-38.64,0.724,12.902623,1.075217,,,,,
NGC_2477,5538865386291430000,0.6920146,118.1899644,-38.57,0.6524,16.06779,1.228536,,,,,
NGC_2477,5538489490754750000,0.69184545,118.0540388,-38.68,0.6865,15.443623,1.107269,,,,,
NGC_2477,5538491758497380000,0.69179525,117.9224603,-38.66,0.7185,17.40355,1.52466,,,,,
NGC_2477,5538889055850140000,0.69172395,117.932487,-38.27,0.709,18.71661,1.924703,,,,,
NGC_2477,5538871639763770000,0.69139452,118.1356363,-38.41,0.7316,12.432743,1.630481,,,,,
NGC_2477,5538865863025920000,0.69138184,118.114013,-38.58,0.6568,18.67575,1.919004,,,,,
NGC_2477,5538870471532860000,0.69135557,117.9739018,-38.48,0.7175,12.980001,0.773836,,,,,
NGC_2477,5538871502324860000,0.69128678,118.1076582,-38.45,0.7469,16.621332,1.500853,,,,,
NGC_2477,5538871639763770000,0.69114602,118.1383782,-38.42,0.6578,17.039324,1.381132,,,,,
NGC_2477,5538491479314010000,0.69114585,117.9335179,-38.69,0.7129,16.186628,1.318115,,,,,
NGC_2477,5538865347626630000,0.69073714,118.1806149,-38.59,0.7305,12.209054,1.446922,,,,,
NGC_2477,5538110017499630000,0.69037221,118.3168256,-38.72,0.6751,17.852213,1.656085,,,,,
NGC_2477,5538869990496380000,0.69028913,118.1018348,-38.47,0.7149,16.411413,1.242301,,,,,
NGC_2477,5538117855824820000,0.68974744,118.4892858,-38.57,0.6806,13.963815,1.085152,,,,,
NGC_2477,5538493957520820000,0.6897013,118.0074504,-38.57,0.6846,12.7922325,0.630631,,,,,
NGC_2477,5538869578179720000,0.68963186,118.0966882,-38.52,0.761,17.21298,1.407581,,,,,
NGC_2477,5538866966839330000,0.68948747,118.2541614,-38.54,0.7136,16.477188,1.298039,,,,,
NGC_2477,5538884730827120000,0.68943717,118.0027638,-38.34,0.6967,17.460423,1.570517,,,,,
NGC_2477,5538868169430230000,0.689392,118.1478672,-38.51,0.7207,14.718004,1.020487,,,,,
NGC_2477,5538870639026320000,0.68934496,118.0369375,-38.48,0.6827,13.292233,0.745261,,,,,
NGC_2477,5538506017788640000,0.68927346,117.7760514,-38.53,0.6733,14.449726,0.9254645,,,,,
NGC_2477,5538113934509940000,0.68910947,118.1583789,-38.68,0.6838,17.346832,1.457831,,,,,
NGC_2477,5538115446337900000,0.68902727,118.3737601,-38.58,0.683,13.390671,1.089069,,,,,
NGC_2477,5538116309636710000,0.6889694,118.2516183,-38.56,0.6984,13.53536,0.89968,,,,,
NGC_2477,5538117237349560000,0.68891963,118.4690898,-38.64,0.688,13.994629,1.1323415,,,,,
NGC_2477,5538493991880690000,0.6887056,117.9760178,-38.57,0.7257,15.287501,1.002792,,,,,
NGC_2477,5538494232398520000,0.68805343,117.9434376,-38.59,0.6809,13.587152,0.819106,,,,,
NGC_2477,5538508113733090000,0.68784807,117.8490472,-38.45,0.6662,18.171354,1.714933,,,,,
NGC_2477,5538488249498530000,0.68778211,117.9609332,-38.72,0.6975,17.500694,1.862949,,,,,
NGC_2477,5537734225039460000,0.68770372,118.2011453,-38.8,0.6895,15.151402,1.255754,,,,,
NGC_2477,5538509419403210000,0.68740227,117.7298366,-38.45,0.7038,13.948369,0.806299,,,,,
NGC_2477,5538887410883510000,0.6866397,117.8778126,-38.31,0.717,12.375372,1.511057,,,,,
NGC_2477,5538865180133030000,0.68654778,118.1815122,-38.61,0.7359,18.220314,1.697141,,,,,
NGC_2477,5538872155159810000,0.68632486,118.1703903,-38.38,0.6911,14.889514,1.097032,,,,,
NGC_2477,5538871605404050000,0.68606646,118.1224166,-38.43,0.6881,12.902351,1.122261,,,,,
NGC_2477,5538868856624930000,0.68586756,118.2126665,-38.44,0.6683,14.025205,0.976351,,,,,
NGC_2477,5538869230283450000,0.68583596,118.0577899,-38.54,0.7443,17.95958,1.591293,,,,,
NGC_2477,5537737802758340000,0.68571404,118.0898796,-38.77,0.6467,15.601102,1.306468,,,,,
NGC_2477,5538504609039810000,0.68547342,117.8141338,-38.59,0.6898,14.728116,1.000437,,,,,
NGC_2477,5538869298999820000,0.68504172,118.0286286,-38.54,0.6441,18.376925,1.962411,,,,,
NGC_2477,5538869848758770000,0.68476949,118.0740271,-38.48,0.7162,12.168368,1.434012,,,,,
NGC_2477,5538870054914230000,0.68473138,118.0824204,-38.45,0.6574,16.936459,1.394368,,,,,
NGC_2477,5538490620319950000,0.68460593,118.0357552,-38.62,0.7186,12.084761,1.410765,,,,,
NGC_2477,5538490448521260000,0.68459324,118.0615079,-38.63,0.7243,11.995434,1.439547,,,,,
NGC_2477,5538490109230000000,0.68437385,118.0101999,-38.66,0.7163,15.155352,1.0891115,,,,,
NGC_2477,5538490040510720000,0.68376804,117.9788638,-38.67,0.657,15.350048,1.101652,,,,,
NGC_2477,5538885040061730000,0.68327125,118.0792675,-38.32,0.6878,16.849964,1.395613,,,,,
NGC_2477,5538874903938840000,0.68253764,118.2566581,-38.39,0.6578,16.080482,1.343562,,,,,
NGC_2477,5538864733456500000,0.6820489,118.1473658,-38.65,0.7215,15.201862,1.043584,,,,,
NGC_2477,5538490693345690000,0.68167072,118.0285899,-38.61,0.7163,16.077929,1.152317,,,,,
NGC_2477,5538488253804140000,0.68147181,117.9754832,-38.71,0.6613,14.545405,1.100173,,,,,
NGC_2477,5538121532316860000,0.68117702,118.3962457,-38.53,0.6667,15.72943,1.306202,,,,,
NGC_2477,5538508148092830000,0.68111414,117.8321085,-38.44,0.6752,14.237491,0.883728,,,,,
NGC_2477,5538866829396110000,0.68094911,118.2257806,-38.56,0.756,19.520452,2.212916,,,,,
NGC_2477,5538882737959410000,0.6809487,117.9933206,-38.44,0.6979,14.877589,1.034713,,,,,
NGC_2477,5538487978926200000,0.68085903,117.907863,-38.75,0.668,16.520164,1.433527,,,,,
NGC_2477,5538494575996180000,0.68079246,117.9021969,-38.55,0.7074,13.62731,0.766442,,,,,
NGC_2477,5538492956782800000,0.68058329,117.9541004,-38.67,0.7289,15.778121,1.249958,,,,,
NGC_2477,5538110056159210000,0.68046329,118.2862062,-38.74,0.6772,16.98889,1.537354,,,,,
NGC_2477,5538506945501940000,0.6801737,117.9358814,-38.48,0.7481,17.010874,1.368471,,,,,
NGC_2477,5538866245284950000,0.68015293,118.1281828,-38.58,0.6692,15.162085,0.953536,,,,,
NGC_2477,5538873117228200000,0.68006614,118.1059167,-38.36,0.7013,16.567009,1.334296,,,,,
NGC_2477,5538885280582930000,0.67992479,118.0503054,-38.31,0.6996,14.690414,1.074946,,,,,
NGC_2477,5538872670555960000,0.67952411,118.0618237,-38.38,0.6608,17.554314,1.550316,,,,,
NGC_2477,5538865175827940000,0.67892693,118.1798301,-38.61,0.7135,12.484544,0.8162645,,,,,
NGC_2477,5538493884495090000,0.67871372,117.9697192,-38.57,0.7219,12.073025,1.139571,,,,,
NGC_2477,5538868409948360000,0.67853546,118.1785985,-38.46,0.7098,12.873091,0.911752,,,,,
NGC_2477,5538492514411580000,0.67820683,117.8622086,-38.65,0.6817,16.212627,1.244727,,,,,
NGC_2477,5538493991880580000,0.6779764,117.975302,-38.56,0.6903,14.301212,0.935543,,,,,
NGC_2477,5538870093575750000,0.67784483,117.992447,-38.53,0.6609,16.71283,1.325691,,,,,
NGC_2477,5538866687659740000,0.67751216,118.1267871,-38.51,0.7007,16.15003,1.20273,,,,,
NGC_2477,5538505674191710000,0.67744113,117.7560269,-38.56,0.6775,15.915796,1.166878,,,,,
NGC_2477,5538865244550630000,0.67717925,118.1660407,-38.59,0.6922,18.02382,1.726839,,,,,
NGC_2477,5538506430105550000,0.67682556,117.8469949,-38.55,0.6927,14.313329,0.935031,,,,,
NGC_2477,5538868994064110000,0.67673784,118.0367459,-38.58,0.7211,16.444519,1.257114,,,,,
NGC_2477,5538112633144370000,0.6764228,118.2189435,-38.74,0.7001,16.766815,1.553588,,,,,
NGC_2477,5538870231014670000,0.67639825,118.017502,-38.51,0.702,15.002377,1.004669,,,,,
NGC_2477,5538494747794820000,0.67633678,117.9747,-38.55,0.7293,14.802732,0.935113,,,,,
NGC_2477,5538510995646630000,0.67632687,117.7933531,-38.42,0.7234,18.2154,1.732722,,,,,
NGC_2477,5538509385042940000,0.67632368,117.7139259,-38.47,0.6975,12.287605,1.447691,,,,,
NGC_2477,5538116137838030000,0.67597419,118.2442651,-38.59,0.6739,15.557581,1.163368,,,,,
NGC_2477,5538487257371760000,0.67578666,117.9641441,-38.78,0.7193,12.472767,1.00894,,,,,
NGC_2477,5538878198168740000,0.67565742,118.2159148,-38.34,0.7138,11.2425785,1.846596,,,,,
NGC_2477,5538865729888950000,0.67562992,118.084361,-38.61,0.7286,15.70417,1.132167,,,,,
NGC_2477,5538114724783400000,0.67558797,118.3025329,-38.66,0.6666,13.135493,1.196004,,,,,
NGC_2477,5538869303301750000,0.67555973,118.0220701,-38.54,0.7013,14.083572,0.85789,,,,,
NGC_2477,5538494571691010000,0.67527946,117.9071993,-38.55,0.7174,17.853218,1.565912,,,,,
NGC_2477,5538119058415650000,0.67510888,118.466316,-38.52,0.6859,14.07545,1.111017,,,,,
NGC_2477,5538487978926190000,0.6750733,117.9077447,-38.74,0.7146,18.015963,1.687342,,,,,
NGC_2477,5538116069118540000,0.67491706,118.2786986,-38.59,0.7156,15.399438,1.304987,,,,,
NGC_2477,5538115107045870000,0.67488525,118.2800515,-38.62,0.7086,15.29034,1.354849,,,,,
NGC_2477,5538864733456490000,0.67445272,118.147518,-38.65,0.7378,14.728193,0.965113,,,,,
NGC_2477,5538866623242060000,0.67419395,118.0982139,-38.52,0.6342,14.015416,0.866051,,,,,
NGC_2477,5538489177217000000,0.6741519,118.0707818,-38.7,0.7331,18.407701,1.766467,,,,,
NGC_2477,5538884657803290000,0.67404445,118.015203,-38.36,0.6749,16.924868,1.406943,,,,,
NGC_2477,5538490040510720000,0.67391404,117.9717882,-38.67,0.6292,16.490486,1.29306,,,,,
NGC_2477,5538490177949450000,0.67327594,117.9948519,-38.64,0.6593,15.33173,1.017308,,,,,
NGC_2477,5537733095474320000,0.67326832,118.265865,-38.85,0.6835,15.104058,1.1435785,,,,,
NGC_2477,5538870368453650000,0.67316453,117.9771853,-38.51,0.7231,15.274576,1.03126,,,,,
NGC_2477,5538864729154510000,0.67260587,118.1454967,-38.65,0.6751,16.856745,1.311862,,,,,
NGC_2477,5538488661815370000,0.67243931,118.0360199,-38.75,0.6742,15.323235,1.235985,,,,,
NGC_2477,5538505811630220000,0.67216216,117.7837065,-38.54,0.6576,14.893153,0.999869,,,,,
NGC_2477,5537738627392040000,0.67199111,118.1151756,-38.7,0.7185,15.018513,1.160865,,,,,
NGC_2477,5538116034753560000,0.67196648,118.2688373,-38.59,0.7232,18.871407,2.181702,,,,,
NGC_2477,5538116240917230000,0.67153664,118.257952,-38.57,0.6553,17.565153,1.561807,,,,,
NGC_2477,5538868994064100000,0.67101147,118.0395646,-38.57,0.7198,14.372581,0.911556,,,,,
NGC_2477,5538114449905490000,0.670876,118.1911337,-38.64,0.7199,12.257158,1.4668,,,,,
NGC_2477,5538870815130120000,0.67054667,118.0694391,-38.45,0.6564,16.418175,1.3566365,,,,,
NGC_2477,5538122666188220000,0.67050931,118.3758742,-38.48,0.6762,17.324692,1.616749,,,,,
NGC_2477,5538866588882340000,0.67045392,118.0977322,-38.54,0.6358,16.885422,1.306036,,,,,
NGC_2477,5538114248052450000,0.67000405,118.1998809,-38.66,0.7132,14.828147,1.012454,,,,,
NGC_2477,5537738249435290000,0.66978262,118.1304526,-38.75,0.6935,15.543573,1.2629545,,,,,
NGC_2477,5538870368453650000,0.66972763,117.9797363,-38.5,0.6859,15.8391075,1.188692,,,,,
NGC_2477,5538868062045940000,0.66966404,118.2043641,-38.49,0.6913,13.389561,0.867997,,,,,
NGC_2477,5538886998566660000,0.66944338,117.859889,-38.34,0.7052,12.813588,0.9015005,,,,,
NGC_2477,5538872155159820000,0.66921626,118.1700333,-38.39,0.7009,15.8663025,1.250508,,,,,
NGC_2477,5538112697559190000,0.66914673,118.2476236,-38.74,0.7201,15.853322,1.2834385,,,,,
NGC_2477,5537738588726230000,0.66914673,118.1304911,-38.71,0.7304,12.529265,1.699595,,,,,
NGC_2477,5538867997631530000,0.66890546,118.1649114,-38.51,0.7021,15.362465,1.116088,,,,,
NGC_2477,5538888888352240000,0.66859911,117.9449538,-38.26,0.6879,18.335548,1.805035,,,,,
NGC_2477,5538865008334400000,0.66807574,118.1199947,-38.62,0.6226,16.400316,1.311003,,,,,
NGC_2477,5538870437173140000,0.66789711,117.9585581,-38.49,0.7014,13.9698,0.86766,,,,,
NGC_2477,5538868581743950000,0.66766548,118.2430861,-38.45,0.6662,17.236826,1.464525,,,,,
NGC_2477,5538867684092180000,0.66762414,118.2168388,-38.49,0.6829,17.08465,1.422046,,,,,
NGC_2477,5538865180133030000,0.66761629,118.1739687,-38.61,0.6599,16.848494,1.286985,,,,,
NGC_2477,5538508113733080000,0.66661339,117.8523151,-38.44,0.7194,12.072056,1.490453,,,,,
NGC_2477,5538509625561090000,0.66635948,117.6759666,-38.49,0.6973,15.7462,1.157127,,,,,
NGC_2477,5538868513027560000,0.66582607,118.2093708,-38.47,0.7136,15.635574,1.150466,,,,,
NGC_2477,5538506601904610000,0.66558212,117.8721474,-38.52,0.6918,15.813704,1.163593,,,,,
NGC_2477,5537738489953080000,0.66554261,118.0829694,-38.73,0.6849,13.972073,0.96605,,,,,
NGC_2477,5538488734840550000,0.66554261,118.06732,-38.72,0.6846,16.268845,1.238965,,,,,
NGC_2477,5538865622507780000,0.66552611,118.1552109,-38.57,0.7612,17.768354,1.537359,,,,,
NGC_2477,5538114729088760000,0.66501579,118.305305,-38.68,0.7099,15.691606,1.351658,,,,,
NGC_2477,5538867958970040000,0.66487893,118.1567115,-38.52,0.6729,18.11048,1.680919,,,,,
NGC_2477,5537736905102710000,0.66473011,118.1177595,-38.81,0.6629,16.839725,1.435973,,,,,
NGC_2477,5538866515864130000,0.66469748,118.1046779,-38.56,0.7531,16.231241,1.189489,,,,,
NGC_2477,5538869543819840000,0.66460528,118.0800437,-38.52,0.6496,14.607173,0.946549,,,,,
NGC_2477,5538865695529210000,0.6643754,118.0804798,-38.61,0.6901,13.223243,0.740787,,,,,
NGC_2477,5538114522930360000,0.66411984,118.1790226,-38.64,0.7128,13.657939,0.757353,,,,,
NGC_2477,5538489490754760000,0.66374161,118.0695922,-38.67,0.7255,17.034657,1.429832,,,,,
NGC_2477,5538886689329020000,0.66350542,117.8692074,-38.36,0.6635,15.0852995,1.062957,,,,,
NGC_2477,5538115347564010000,0.66312322,118.3352729,-38.6,0.6876,14.84407,1.151652,,,,,
NGC_2477,5538508182452560000,0.66298634,117.843967,-38.43,0.7006,16.302624,1.240387,,,,,
NGC_2477,5538873495189570000,0.6627655,118.2933926,-38.45,0.6708,13.146783,0.825251,,,,,
NGC_2477,5538869200222500000,0.66262076,118.0539656,-38.54,0.6382,16.7979,1.5045675,,,,,
NGC_2477,5538491002583150000,0.66230364,117.8857855,-38.72,0.6871,13.288491,1.1025635,,,,,
NGC_2477,5538869165858810000,0.66202137,118.0697654,-38.53,0.6516,13.67886,0.797452,,,,,
NGC_2477,5538868135070450000,0.66202137,118.1912912,-38.48,0.6494,14.146347,0.948464,,,,,
NGC_2477,5538112839302790000,0.66194134,118.2093679,-38.73,0.6734,15.339993,1.203111,,,,,
NGC_2477,5538507082940930000,0.66191296,117.8738487,-38.48,0.6733,13.830299,0.861369,,,,,
NGC_2477,5538885246220420000,0.66175857,118.0788683,-38.3,0.691,13.408945,0.9392155,,,,,
NGC_2477,5538865553788290000,0.66162896,118.1666089,-38.57,0.7449,19.11266,2.12464,,,,,
NGC_2477,5538110051859310000,0.66161159,118.2715432,-38.74,0.6882,17.649431,1.675734,,,,,
NGC_2477,5538887647100870000,0.66139598,117.9000697,-38.27,0.7063,19.552288,2.255472,,,,,
NGC_2477,5538504295495820000,0.6613136,117.7400648,-38.63,0.6715,13.030307,0.777735,,,,,
NGC_2477,5538883386492810000,0.66117018,117.9068433,-38.41,0.746,17.512392,1.53693,,,,,
NGC_2477,5538509213244760000,0.66094345,117.7200964,-38.48,0.6761,13.593682,0.759552,,,,,
NGC_2477,5538506086508100000,0.66058579,117.7577115,-38.52,0.6865,14.259409,1.027642,,,,,
NGC_2477,5538868272509440000,0.66027227,118.1372409,-38.48,0.7117,12.668177,0.864461,,,,,
NGC_2477,5538492858008950000,0.66021407,117.867266,-38.62,0.7179,12.538558,0.834932,,,,,
NGC_2477,5538114522930360000,0.65966109,118.1773523,-38.64,0.7213,12.560341,0.778107,,,,,
NGC_2477,5538870196654940000,0.65950032,117.9977699,-38.5,0.6412,14.120539,0.893015,,,,,
NGC_2477,5538491655418130000,0.65947322,117.8641561,-38.68,0.6564,14.326983,0.94141,,,,,
NGC_2477,5538866928174590000,0.65935265,118.2292922,-38.55,0.7103,11.950048,1.4503005,,,,,
NGC_2477,5538872601836490000,0.65907834,118.0660746,-38.4,0.6701,16.577188,1.35814,,,,,
NGC_2477,5538114690424380000,0.65901456,118.2111305,-38.6,0.7653,18.61551,1.847338,,,,,
NGC_2477,5538492342612850000,0.65898938,117.8064661,-38.66,0.6865,14.716171,1.057176,,,,,
NGC_2477,5538867615369350000,0.65874836,118.2372314,-38.5,0.6612,14.065529,0.886161,,,,,
NGC_2477,5537738038970440000,0.65836511,118.0999391,-38.75,0.6547,17.919226,1.803827,,,,,
NGC_2477,5538866756379240000,0.65830511,118.1205817,-38.5,0.6468,17.21095,1.446534,,,,,
NGC_2477,5538865970407130000,0.65773415,118.0601665,-38.61,0.6645,14.391216,0.919671,,,,,
NGC_2477,5538866245284940000,0.65758136,118.1232168,-38.57,0.7044,13.0493555,0.777347,,,,,
NGC_2477,5538504707812680000,0.65756281,117.8220602,-38.59,0.6673,13.816835,0.834973,,,,,
NGC_2477,5538504707813640000,0.65756281,117.8340287,-38.59,0.675,16.687113,1.29607,,,,,
NGC_2477,5538885830335530000,0.65750364,117.9511916,-38.3,0.6727,16.451166,1.290605,,,,,
NGC_2477,5538488047645730000,0.65748142,117.9626058,-38.76,0.671,13.116485,0.7901,,,,,
NGC_2477,5538864870895480000,0.65745668,118.104864,-38.64,0.6981,13.347738,0.817949,,,,,
NGC_2477,5538504123697900000,0.65725872,117.8096598,-38.63,0.6764,15.4653225,1.120685,,,,,
NGC_2477,5538488867973810000,0.65716923,118.0298209,-38.73,0.7369,15.805613,1.293667,,,,,
NGC_2477,5537735668154650000,0.65595416,117.9801937,-38.88,0.6829,13.107951,0.756033,,,,,
NGC_2477,5538869715614340000,0.65570696,118.1090097,-38.49,0.7522,17.904507,1.550709,,,,,
NGC_2477,5538486222278570000,0.65569574,117.7722504,-38.72,0.6838,18.309185,1.734921,,,,,
NGC_2477,5538489112797680000,0.65536239,118.0878984,-38.72,0.7383,12.402834,1.649661,,,,,
NGC_2477,5538118439940400000,0.65510325,118.4363,-38.58,0.6981,16.66786,1.644592,,,,,
NGC_2477,5538872979793540000,0.65490653,118.147632,-38.36,0.6712,15.555224,1.235672,,,,,
NGC_2477,5538869780036280000,0.65473859,118.103451,-38.47,0.6609,16.877058,1.335181,,,,,
NGC_2477,5538493579563520000,0.65471948,117.9797369,-38.61,0.707,15.825315,1.162161,,,,,
NGC_2477,5538509213244760000,0.65467692,117.7225972,-38.5,0.683,14.418489,0.932508,,,,,
NGC_2477,5538877996315300000,0.65463131,118.2206683,-38.35,0.6712,13.497273,0.844527,,,,,
NGC_2477,5538506773703290000,0.65454533,117.8958127,-38.52,0.7204,14.5794525,0.973401,,,,,
NGC_2477,5538507838855170000,0.65432639,117.8702069,-38.46,0.713,12.033846,1.47278,,,,,
NGC_2477,5538867585314590000,0.65427995,118.2747469,-38.49,0.6394,16.01105,1.248544,,,,,
NGC_2477,5538883150276220000,0.65408913,118.0007802,-38.39,0.654,15.947545,1.229261,,,,,
NGC_2477,5538866657601770000,0.65400716,118.1245807,-38.52,0.6286,16.070269,1.169642,,,,,
NGC_2477,5538113281682300000,0.65382864,118.2715295,-38.69,0.6742,17.235731,1.574957,,,,,
NGC_2477,5537737283056170000,0.65353975,118.195268,-38.76,0.7155,12.276701,1.696215,,,,,
NGC_2477,5537737970250960000,0.65342125,118.0637413,-38.76,0.7203,17.179125,1.56268,,,,,
NGC_2477,5538489112797740000,0.65338429,118.0800332,-38.73,0.6199,14.797931,1.1646565,,,,,
NGC_2477,5538869303301740000,0.65334671,118.0299862,-38.53,0.6724,15.2965,1.057556,,,,,
NGC_2477,5538869475100430000,0.65328411,118.0243319,-38.52,0.6711,17.675228,1.702661,,,,,
NGC_2477,5537737424801570000,0.6530756,118.1507999,-38.77,0.6964,14.525303,1.047835,,,,,
NGC_2477,5538113835735600000,0.65304434,118.1805046,-38.67,0.6371,16.371275,1.244776,,,,,
NGC_2477,5537734985259870000,0.65301741,118.1037992,-38.89,0.686,14.791623,0.97317,,,,,
NGC_2477,5537738554366540000,0.6528744,118.1304413,-38.72,0.699,18.203653,1.83671,,,,,
NGC_2477,5538864660435030000,0.65274582,118.1157797,-38.67,0.6672,16.446272,1.283522,,,,,
NGC_2477,5538115656801650000,0.6524101,118.3317186,-38.58,0.691,13.003119,1.030463,,,,,
NGC_2477,5538490379802550000,0.65236192,118.0666584,-38.63,0.7261,18.403141,1.753367,,,,,
NGC_2477,5538883356434770000,0.65227456,117.895194,-38.41,0.69,16.335033,1.266394,,,,,
NGC_2477,5538489009718540000,0.65227362,118.0446493,-38.71,0.6576,14.425963,0.923983,,,,,
NGC_2477,5538510793792700000,0.65224418,117.7991545,-38.43,0.7285,16.677593,1.437892,,,,,
NGC_2477,5538883214694250000,0.65180215,117.9750848,-38.37,0.7377,17.17118,1.480083,,,,,
NGC_2477,5538489314652510000,0.65174938,118.0856426,-38.69,0.6319,19.056025,2.237817,,,,,
NGC_2477,5538505880350160000,0.6516475,117.7471494,-38.55,0.6545,13.694907,0.816857,,,,,
NGC_2477,5538865794303230000,0.6515251,118.0752824,-38.6,0.735,12.172376,1.4323305,,,,,
NGC_2477,5538493442124810000,0.65111005,117.9388154,-38.61,0.6856,15.437695,1.080587,,,,,
NGC_2477,5538865455010940000,0.65026281,118.1652664,-38.59,0.6548,12.956195,0.740943,,,,,
NGC_2477,5538865764248700000,0.65012242,118.0707745,-38.61,0.7562,17.04789,1.405121,,,,,
NGC_2477,5538495057032460000,0.64982558,117.9601416,-38.5,0.6592,14.180883,1.004428,,,,,
NGC_2477,5538874972658320000,0.6497705,118.2452485,-38.38,0.6686,14.890395,1.188577,,,,,
NGC_2477,5538493510846190000,0.64969736,117.9998702,-38.62,0.7199,14.817425,0.95594,,,,,
NGC_2477,5538871055648310000,0.64963051,118.0371523,-38.43,0.7372,14.513677,1.019905,,,,,
NGC_2477,5538866515857740000,0.64955643,118.1038552,-38.56,0.7179,12.23286,0.939935,,,,,
NGC_2477,5538866825095380000,0.64940176,118.230734,-38.56,0.727,12.4503765,0.999681,,,,,
NGC_2477,5538113556552860000,0.6493398,118.2517624,-38.66,0.6654,17.435942,1.577619,,,,,
NGC_2477,5538489353315840000,0.64928904,118.1045573,-38.68,0.6592,15.304535,1.155208,,,,,
NGC_2477,5538872052080610000,0.64920421,118.1620624,-38.4,0.6471,15.424956,1.20389,,,,,
NGC_2477,5538116515795100000,0.64900821,118.326205,-38.55,0.7277,12.500878,1.621301,,,,,
NGC_2477,5538869956136670000,0.6484645,118.0818403,-38.48,0.7434,10.439308,1.162571,,,,,
NGC_2477,5538870810828500000,0.64845996,118.0649825,-38.44,0.7373,17.948214,1.644265,,,,,
NGC_2477,5538870707745790000,0.64841403,118.0285402,-38.46,0.6267,13.435541,0.847821,,,,,
NGC_2477,5538886753747360000,0.64789271,117.890826,-38.35,0.6975,17.938292,1.645683,,,,,
NGC_2477,5538114694729030000,0.6478867,118.213464,-38.6,0.6805,16.235878,1.277965,,,,,
NGC_2477,5538884593385160000,0.64735345,118.0463635,-38.34,0.6614,14.791676,1.053121,,,,,
NGC_2477,5538492342612850000,0.64733916,117.8021302,-38.65,0.6607,15.78562,1.224504,,,,,
NGC_2477,5538508079373350000,0.64730071,117.8405441,-38.45,0.707,15.134353,1.128408,,,,,
NGC_2477,5538504467300580000,0.64712525,117.7738229,-38.6,0.6902,18.031404,1.643671,,,,,
NGC_2477,5538490521548960000,0.64705594,118.0209635,-38.63,0.7472,17.901707,1.619421,,,,,
NGC_2477,5538868921042940000,0.64658267,118.2001414,-38.42,0.6999,18.977674,2.069403,,,,,
NGC_2477,5538508800927400000,0.64643412,117.6968001,-38.52,0.6779,17.398413,1.510595,,,,,
NGC_2477,5538114351131650000,0.64640675,118.2406519,-38.63,0.6654,16.517872,1.405863,,,,,
NGC_2477,5538491483619500000,0.64638258,117.9434316,-38.68,0.6567,16.989723,1.43703,,,,,
NGC_2477,5538879027107450000,0.64636117,118.1948749,-38.32,0.7087,15.470152,1.189457,,,,,
NGC_2477,5538866623242060000,0.64618338,118.0996125,-38.52,0.7445,15.639015,1.067616,,,,,
NGC_2477,5538869715618490000,0.64597747,118.1109563,-38.5,0.7294,11.401268,1.4811545,,,,,
NGC_2477,5538866657601960000,0.64597747,118.1261851,-38.53,0.7186,12.753331,0.769009,,,,,
NGC_2477,5538885074421450000,0.6459323,118.101864,-38.31,0.7127,16.816046,1.392463,,,,,
NGC_2477,5538869470798540000,0.6459118,118.0298385,-38.52,0.6462,16.250046,1.18554,,,,,
NGC_2477,5538884559025410000,0.64589098,118.0733245,-38.36,0.7021,18.606567,2.123562,,,,,
NGC_2477,5538511893304230000,0.64574416,117.7570034,-38.38,0.7167,15.129256,0.970431,,,,,
NGC_2477,5538884627744890000,0.64572539,118.0589858,-38.35,0.6953,13.934091,0.924441,,,,,
NGC_2477,5538115102741730000,0.64557515,118.2832271,-38.63,0.685,19.837627,2.648857,,,,,
NGC_2477,5538123078505290000,0.64530767,118.3922445,-38.46,0.6744,14.552629,1.04253,,,,,
NGC_2477,5538874422902470000,0.64530767,118.3301842,-38.37,0.6756,16.351469,1.340167,,,,,
NGC_2477,5538504918277460000,0.64526851,117.8156196,-38.58,0.69,14.0406065,0.851395,,,,,
NGC_2477,5538493820081900000,0.64496398,117.9858027,-38.59,0.7164,12.613711,0.741617,,,,,
NGC_2477,5538870059215880000,0.64491028,118.0825327,-38.46,0.6306,14.274432,0.905672,,,,,
NGC_2477,5538113767016120000,0.64490006,118.1931803,-38.69,0.723,16.682568,1.351011,,,,,
NGC_2477,5538870093575750000,0.64487073,117.9949207,-38.53,0.6284,14.1071205,0.83565,,,,,
NGC_2477,5538878438690830000,0.64443334,118.255952,-38.31,0.7058,18.351074,1.805063,,,,,
NGC_2477,5538886654969280000,0.64407058,117.8501558,-38.36,0.6661,15.01895,1.038782,,,,,
NGC_2477,5538873392110370000,0.64406382,118.2909873,-38.48,0.6884,13.944553,0.902639,,,,,
NGC_2477,5538115038326390000,0.64387987,118.2885762,-38.63,0.6816,14.499527,1.120547,,,,,
NGC_2477,5538872430037770000,0.64386165,118.1074474,-38.41,0.6863,15.306867,1.241323,,,,,
NGC_2477,5538880264057990000,0.64365157,118.2799797,-38.27,0.699,15.162922,1.133013,,,,,
NGC_2477,5538865523730420000,0.64338953,118.1525869,-38.57,0.7278,16.588936,1.349253,,,,,
NGC_2477,5538487253070360000,0.64335863,117.9602715,-38.79,0.6615,19.13508,2.219282,,,,,
NGC_2477,5538885177500660000,0.64330321,118.0938684,-38.29,0.7031,17.228693,1.499952,,,,,
NGC_2477,5538490177949460000,0.64322985,117.9966535,-38.64,0.6463,14.664182,0.9252485,,,,,
NGC_2477,5538488185084670000,0.64316536,117.9755846,-38.73,0.6546,17.314957,1.551093,,,,,
NGC_2477,5538878168109550000,0.64294894,118.1913646,-38.34,0.7133,19.088017,1.974048,,,,,
NGC_2477,5538865180133020000,0.6426994,118.1830068,-38.6,0.6709,16.009789,1.15983,,,,,
NGC_2477,5538882875398320000,0.64256758,118.0072875,-38.41,0.7388,16.094233,1.220336,,,,,
NGC_2477,5538869234578290000,0.64225406,118.0601841,-38.52,0.76,19.134243,1.616062,,,,,
NGC_2477,5538865214492960000,0.64223073,118.1570195,-38.6,0.6522,14.121765,0.8237385,,,,,
NGC_2477,5538870402813380000,0.64192339,117.9821951,-38.5,0.6826,18.356794,1.791448,,,,,
NGC_2477,5537736909405180000,0.64188539,118.1266469,-38.81,0.6892,18.096836,1.552967,,,,,
NGC_2477,5538494816514300000,0.64181962,117.9627313,-38.55,0.6205,13.214797,0.8439425,,,,,
NGC_2477,5538867482235380000,0.64134167,118.2750552,-38.51,0.6892,16.65942,1.35108,,,,,
NGC_2477,5538884352866780000,0.64120173,117.955814,-38.31,0.6903,15.399857,1.12918,,,,,
NGC_2477,5538867482235380000,0.64101702,118.2836205,-38.5,0.7239,16.330969,1.264038,,,,,
NGC_2477,5538883627011020000,0.64089531,117.8715993,-38.4,0.7056,17.009949,1.41161,,,,,
NGC_2477,5538113354699250000,0.64084625,118.2301583,-38.7,0.7221,15.575061,1.239875,,,,,
NGC_2477,5538868783603910000,0.64056854,118.1758836,-38.45,0.6337,18.01858,1.993841,,,,,
NGC_2477,5538887170365340000,0.64048166,117.9151516,-38.33,0.6549,16.492342,1.389531,,,,,
NGC_2477,5538508319891480000,0.64042619,117.868553,-38.41,0.736,15.176756,1.192271,,,,,
NGC_2477,5538114866527690000,0.64031582,118.3179123,-38.64,0.6698,16.366484,1.452281,,,,,
NGC_2477,5538114797808240000,0.64027752,118.2880451,-38.66,0.6597,15.156044,1.336649,,,,,
NGC_2477,5538869406380950000,0.64003521,118.0365628,-38.54,0.7212,16.21791,1.135827,,,,,
NGC_2477,5538865725586950000,0.64001897,118.0878491,-38.61,0.6109,18.666185,1.925965,,,,,
NGC_2477,5538867963271800000,0.63979133,118.1622584,-38.52,0.666,13.623047,0.886941,,,,,
NGC_2477,5538116172197780000,0.63963196,118.2181791,-38.59,0.7591,14.352604,1.033904,,,,,
NGC_2477,5538113251620010000,0.63961248,118.2970648,-38.68,0.6912,16.996058,1.570652,,,,,
NGC_2477,5538885589817350000,0.63945337,117.994336,-38.32,0.6682,17.201956,1.505154,,,,,
NGC_2477,5538494266758240000,0.63944976,117.9211405,-38.59,0.669,15.18772,1.059061,,,,,
NGC_2477,5538490899503940000,0.63919328,117.8806652,-38.74,0.6846,15.02918,1.144746,,,,,
NGC_2477,5538509763000580000,0.63892394,117.6295522,-38.5,0.7046,15.584068,1.104492,,,,,
NGC_2477,5538113148540820000,0.63888991,118.2509847,-38.7,0.6871,13.70488,0.979774,,,,,
NGC_2477,5538495022672740000,0.63883758,117.9445193,-38.53,0.7234,13.883238,0.80898,,,,,
NGC_2477,5538489215876880000,0.63849641,118.0851226,-38.69,0.7015,12.733816,0.841139,,,,,
NGC_2477,5538491895936290000,0.63830736,117.8264979,-38.71,0.6925,13.1209345,0.98786,,,,,
NGC_2477,5538873495189570000,0.63823536,118.3016944,-38.45,0.7064,14.1272335,0.949461,,,,,
NGC_2477,5538488833614060000,0.63799671,118.0151459,-38.74,0.6704,17.680845,1.624718,,,,,
NGC_2477,5538508319891490000,0.63791788,117.855602,-38.4,0.7074,15.328936,1.0832145,,,,,
NGC_2477,5538116378356160000,0.63777916,118.3049224,-38.57,0.7108,17.0015,1.614988,,,,,
NGC_2477,5538507048581200000,0.6377744,117.8682853,-38.48,0.6813,14.15074,0.961466,,,,,
NGC_2477,5538512236901610000,0.63759534,117.7746346,-38.37,0.6713,14.105911,0.81956,,,,,
NGC_2477,5538870608971770000,0.63731166,117.9978358,-38.45,0.653,16.144451,1.269078,,,,,
NGC_2477,5538490281028940000,0.63726919,118.026301,-38.66,0.7248,14.936813,0.999609,,,,,
NGC_2477,5538494404199330000,0.63721115,117.8694219,-38.58,0.7034,12.682784,0.8105915,,,,,
NGC_2477,5538494438556900000,0.637027,117.889883,-38.58,0.7262,12.561768,0.952812,,,,,
NGC_2477,5538506872477610000,0.63670142,117.9375364,-38.5,0.7172,15.613524,1.266491,,,,,
NGC_2477,5538116309636710000,0.63668726,118.2471671,-38.56,0.6947,14.115132,0.871108,,,,,
NGC_2477,5538872670555960000,0.63665937,118.0600646,-38.38,0.7265,18.379671,1.80849,,,,,
NGC_2477,5538884627744890000,0.63598679,118.056169,-38.33,0.6975,14.258401,0.943632,,,,,
NGC_2477,5538873563909030000,0.6359443,118.3351957,-38.45,0.6953,15.156737,1.12808,,,,,
NGC_2477,5537735221475010000,0.6358469,118.0573021,-38.86,0.7053,15.484918,1.128234,,,,,
NGC_2477,5538494850874030000,0.63576267,117.9705429,-38.52,0.6794,16.36691,1.246685,,,,,
NGC_2477,5538108883628100000,0.63565392,118.3607187,-38.78,0.6952,15.612702,1.2087045,,,,,
NGC_2477,5537738176409390000,0.63546104,118.1412989,-38.76,0.6472,16.944344,1.590658,,,,,
NGC_2477,5538872017720890000,0.63542405,118.14203,-38.41,0.6399,16.316818,1.470723,,,,,
NGC_2477,5538121910273940000,0.63526525,118.4434851,-38.5,0.6627,15.306567,1.208709,,,,,
NGC_2477,5538507765831040000,0.63514358,117.8200374,-38.45,0.653,17.774511,1.563709,,,,,
NGC_2477,5538115381923740000,0.63512907,118.3489071,-38.6,0.6598,15.624975,1.224492,,,,,
NGC_2477,5538511480987360000,0.63510554,117.7935583,-38.38,0.6798,15.206271,1.00035,,,,,
NGC_2477,5538504746478760000,0.63492764,117.8395882,-38.57,0.6403,16.201885,1.157095,,,,,
NGC_2477,5538871330521840000,0.63475147,118.1542901,-38.45,0.6637,16.986166,1.694429,,,,,
NGC_2477,5538871708483260000,0.63449479,118.1146948,-38.41,0.6667,14.686455,1.119836,,,,,
NGC_2477,5538870299734150000,0.63440714,118.0012485,-38.5,0.7139,12.68239,0.939946,,,,,
NGC_2477,5538871845922180000,0.63426873,118.1709555,-38.41,0.7239,17.103243,1.450547,,,,,
NGC_2477,5538490555906590000,0.63413244,118.0048825,-38.64,0.7104,14.251907,0.863915,,,,,
NGC_2477,5538868066350970000,0.6340428,118.209701,-38.49,0.7357,17.096691,1.391186,,,,,
NGC_2477,5538869264640090000,0.63351925,118.0185874,-38.55,0.687,15.761438,1.109064,,,,,
NGC_2477,5538864973974700000,0.63351482,118.0974559,-38.63,0.7106,12.723325,0.710906,,,,,
NGC_2477,5538867654034090000,0.63346892,118.249034,-38.5,0.7455,17.583906,1.548849,,,,,
NGC_2477,5538883283414680000,0.63321347,117.9006849,-38.44,0.6551,18.477335,1.86801,,,,,
NGC_2477,5538872704915680000,0.63307966,118.0847499,-38.39,0.747,16.671667,1.3900305,,,,,
NGC_2477,5538872017720880000,0.63281383,118.1537403,-38.41,0.6815,15.437219,1.172427,,,,,
NGC_2477,5538872357013230000,0.63281383,118.0714675,-38.43,0.6663,13.674965,0.885113,,,,,
NGC_2477,5538113182900550000,0.63267788,118.2565854,-38.69,0.674,17.452961,1.60016,,,,,
NGC_2477,5538871223148300000,0.63244305,118.1309448,-38.47,0.732,16.464245,1.424971,,,,,
NGC_2477,5538505223209750000,0.63241073,117.7676021,-38.58,0.7134,17.85628,1.597029,,,,,
NGC_2477,5538872498757260000,0.63207566,118.0825073,-38.4,0.6985,15.174145,1.205928,,,,,
NGC_2477,5538512713634000000,0.6316052,117.77544,-38.32,0.6938,16.543991,1.220859,,,,,
NGC_2477,5538509041446060000,0.6315435,117.7557353,-38.5,0.7148,16.357698,1.196734,,,,,
NGC_2477,5538493098527420000,0.63133454,117.9740389,-38.64,0.6261,16.895588,1.469162,,,,,
NGC_2477,5538891053015910000,0.63130403,118.111702,-38.27,0.6882,16.682642,1.482723,,,,,
NGC_2477,5538487291731490000,0.63113087,117.9633646,-38.76,0.6654,14.241462,0.9816105,,,,,
NGC_2477,5538111598052690000,0.63080559,118.3747311,-38.68,0.6922,18.225136,1.737034,,,,,
NGC_2477,5538507941934380000,0.63079618,117.8810909,-38.46,0.6643,15.51918,1.154265,,,,,
NGC_2477,5538866481501290000,0.63060558,118.153152,-38.52,0.643,18.679523,1.934274,,,,,
NGC_2477,5538490281028710000,0.63050693,118.0335047,-38.65,0.6459,13.59324,0.904829,,,,,
NGC_2477,5537737115563630000,0.63042144,118.1624453,-38.8,0.6785,13.752509,1.055381,,,,,
NGC_2477,5538870368453660000,0.63033336,117.9664605,-38.5,0.6962,15.116145,1.0715245,,,,,
NGC_2477,5538487012550320000,0.63025909,117.9903807,-38.78,0.6915,13.79729,1.054159,,,,,
NGC_2477,5538869848752340000,0.63017222,118.0687707,-38.49,0.6522,13.174895,0.782736,,,,,
NGC_2477,5538869372021230000,0.63017222,118.0145337,-38.53,0.6407,17.38831,1.424089,,,,,
NGC_2477,5538498011969650000,0.63001179,117.7258919,-38.69,0.667,13.314105,0.936251,,,,,
NGC_2477,5538872498757250000,0.62995512,118.0987838,-38.4,0.6836,15.2489395,1.191679,,,,,
NGC_2477,5538935583238540000,0.62948662,117.8108481,-38.23,0.6853,14.830913,0.962596,,,,,
NGC_2477,5538493132886940000,0.62940726,117.9794852,-38.64,0.707,15.916011,1.157527,,,,,
NGC_2477,5538511167443470000,0.6292736,117.8102151,-38.42,0.7002,12.805979,0.703128,,,,,
NGC_2477,5538868100710730000,0.6292438,118.1798015,-38.5,0.6732,13.598498,0.846851,,,,,
NGC_2477,5538489009718540000,0.62912815,118.0448864,-38.71,0.6778,14.861177,0.980056,,,,,
NGC_2477,5538508319891490000,0.62881875,117.8577363,-38.41,0.6878,14.716818,1.202305,,,,,
NGC_2477,5538878992747730000,0.62825378,118.1682839,-38.32,0.6972,16.030788,1.30133,,,,,
NGC_2477,5538113762711230000,0.62821148,118.1940148,-38.69,0.6803,18.089636,1.634296,,,,,
NGC_2477,5538865970409910000,0.62806955,118.0570106,-38.59,0.6706,17.13391,1.377686,,,,,
NGC_2477,5538866137903860000,0.62785279,118.0905066,-38.56,0.7141,17.848255,1.601946,,,,,
NGC_2477,5538882531801040000,0.62771104,117.9184725,-38.45,0.7293,15.918356,1.196615,,,,,
NGC_2477,5538489903071740000,0.62736738,118.0196921,-38.67,0.6378,14.203685,1.080279,,,,,
NGC_2477,5538486840753400000,0.62733287,117.937787,-38.8,0.6875,18.24274,1.742762,,,,,
NGC_2477,5538118371220950000,0.62699519,118.4005251,-38.59,0.6914,16.487185,1.428971,,,,,
NGC_2477,5538869234582230000,0.62697632,118.0502298,-38.53,0.6334,17.602915,1.527573,,,,,
NGC_2477,5538559653341860000,0.62688766,117.7667053,-38.3,0.6673,17.451368,1.460254,,,,,
NGC_2477,5538490109229990000,0.6267709,118.0015348,-38.65,0.7373,17.7302,1.497694,,,,,
NGC_2477,5538105898635830000,0.6266025,118.5639344,-38.6,0.679,15.047001,1.279745,,,,,
NGC_2477,5538867344799490000,0.62631182,118.2627238,-38.53,0.7083,16.69576,1.421206,,,,,
NGC_2477,5537736737606500000,0.62577253,118.1509583,-38.81,0.6962,15.7684,1.262219,,,,,
NGC_2477,5538507838855170000,0.62524574,117.8754375,-38.47,0.6952,14.287294,0.8811275,,,,,
NGC_2477,5538865420651220000,0.62427887,118.1501155,-38.6,0.6392,15.40749,1.020453,,,,,
NGC_2477,5538488730540390000,0.62394797,118.0706088,-38.73,0.6279,17.27862,1.482998,,,,,
NGC_2477,5538121772835020000,0.6236269,118.4048006,-38.52,0.7052,16.130268,1.3359,,,,,
NGC_2477,5538490482881720000,0.62354057,118.0223903,-38.65,0.7363,15.481936,1.197395,,,,,
NGC_2477,5538113835735600000,0.62318857,118.1807361,-38.67,0.6682,15.591668,1.128937,,,,,
NGC_2477,5538489834352120000,0.623182,118.0279878,-38.67,0.7424,12.073827,1.530511,,,,,
NGC_2477,5538884387226780000,0.62312892,118.0290069,-38.39,0.7372,17.582552,1.515512,,,,,
NGC_2477,5538866176565520000,0.6227787,118.0737985,-38.57,0.674,15.773601,1.096392,,,,,
NGC_2477,5538494610355640000,0.62263212,117.9525259,-38.58,0.6866,17.321966,1.417271,,,,,
NGC_2477,5538866039126600000,0.62251961,118.0458349,-38.58,0.7364,15.6773405,1.185093,,,,,
NGC_2477,5538869234579120000,0.62249291,118.0609173,-38.53,0.647,17.050499,1.206173,,,,,
NGC_2477,5538871536687590000,0.62239087,118.0950877,-38.44,0.6424,19.187346,2.195171,,,,,
NGC_2477,5538116133532670000,0.62218921,118.2514487,-38.59,0.7534,12.08023,1.46465,,,,,
NGC_2477,5538559344104270000,0.62210612,117.6771535,-38.34,0.6883,14.238594,0.843688,,,,,
NGC_2477,5538494880928660000,0.6217176,117.9200719,-38.55,0.7246,16.62093,1.29859,,,,,
NGC_2477,5538866348364150000,0.62167236,118.1171471,-38.55,0.7288,12.935657,0.751963,,,,,
NGC_2477,5538116034758810000,0.62154373,118.2671084,-38.6,0.6929,15.181402,1.18027,,,,,
NGC_2477,5538871360584300000,0.62109098,118.1563588,-38.44,0.6862,18.790335,2.304243,,,,,
NGC_2477,5538494679077260000,0.62095907,117.9309984,-38.57,0.6726,17.310303,1.435925,,,,,
NGC_2477,5538487321787970000,0.6207821,117.9911293,-38.77,0.7413,12.382237,1.63848,,,,,
NGC_2477,5538488666121170000,0.62016153,118.038082,-38.73,0.688,13.653885,1.023012,,,,,
NGC_2477,5538884455946250000,0.61989857,118.0211878,-38.37,0.674,17.361723,1.514786,,,,,
NGC_2477,5538490143589720000,0.61980851,117.9813505,-38.66,0.6083,18.15878,1.731529,,,,,
NGC_2477,5538498149408610000,0.61929447,117.7473151,-38.68,0.6577,15.032262,1.093967,,,,,
NGC_2477,5538115759880860000,0.61908809,118.3297594,-38.56,0.681,14.884823,1.110519,,,,,
NGC_2477,5538878614790580000,0.61906231,118.2337072,-38.32,0.696,14.879639,1.111857,,,,,
NGC_2477,5538866588882340000,0.61894828,118.0987454,-38.54,0.6618,15.091505,0.982322,,,,,
NGC_2477,5538871399245610000,0.61889224,118.1421062,-38.45,0.7129,13.457776,0.9710465,,,,,
NGC_2477,5538480694661720000,0.61856795,117.8765637,-38.87,0.697,12.653667,0.842381,,,,,
NGC_2477,5538506704983810000,0.61846791,117.9059971,-38.53,0.6399,16.547533,1.280442,,,,,
NGC_2477,5538885967774470000,0.61844941,117.9747263,-38.27,0.6849,16.171867,1.264408,,,,,
NGC_2477,5538892221246800000,0.61840955,118.1004062,-38.23,0.7039,13.601605,1.280837,,,,,
NGC_2477,5538115588082170000,0.617676,118.337063,-38.58,0.6923,15.787694,1.272028,,,,,
NGC_2477,5538882325642640000,0.61759295,117.9681504,-38.46,0.7222,14.369403,0.976705,,,,,
NGC_2477,5538491414900000000,0.61755843,117.9066983,-38.69,0.7233,12.574412,0.830148,,,,,
NGC_2477,5538867138633870000,0.61755536,118.1747283,-38.54,0.7471,15.30531,1.1717415,,,,,
NGC_2477,5538491311821060000,0.6173653,117.9021482,-38.72,0.7282,15.701351,1.2887635,,,,,
NGC_2477,5538489696913170000,0.61736393,118.0012426,-38.71,0.6885,14.413946,1.000359,,,,,
NGC_2477,5538867271775290000,0.61720124,118.2047066,-38.51,0.6526,18.090015,1.705016,,,,,
NGC_2477,5538872357016760000,0.6169916,118.0650116,-38.42,0.7323,17.334963,1.503832,,,,,
NGC_2477,5538888063718560000,0.61692302,117.7960052,-38.29,0.6803,14.329906,0.892268,,,,,
NGC_2477,5538490658985930000,0.61661538,118.0525509,-38.61,0.6405,16.612406,1.273427,,,,,
NGC_2477,5538493781416760000,0.61622039,117.9660239,-38.6,0.7321,18.127943,1.688011,,,,,
NGC_2477,5538886929847190000,0.61613109,117.8336206,-38.35,0.7146,12.53314,0.860895,,,,,
NGC_2477,5538871777202710000,0.6160879,118.1781562,-38.43,0.6481,15.534311,1.21291,,,,,
NGC_2477,5538559752115870000,0.61601227,117.7071046,-38.31,0.6951,17.883617,1.586344,,,,,
NGC_2477,5537738077631660000,0.61539656,118.0691742,-38.75,0.7184,19.672329,2.125811,,,,,
NGC_2477,5538505227514670000,0.61514293,117.7596013,-38.58,0.6996,12.744808,0.782772,,,,,
NGC_2477,5538887651401670000,0.61496383,117.9110973,-38.27,0.719,14.799671,1.010326,,,,,
NGC_2477,5538871811562450000,0.61476263,118.1654907,-38.42,0.7344,15.913862,1.26191,,,,,
NGC_2477,5538869608234180000,0.6147083,118.075098,-38.52,0.7587,12.291867,0.802862,,,,,
NGC_2477,5538557385599230000,0.61468777,117.6417033,-38.4,0.7209,14.984641,0.900532,,,,,
NGC_2477,5538115175767270000,0.61425715,118.315952,-38.61,0.719,12.828012,0.990262,,,,,
NGC_2477,5538871085706440000,0.61398852,118.0503216,-38.43,0.63,17.497185,1.538025,,,,,
NGC_2477,5538871154425960000,0.61396587,118.0433316,-38.41,0.6529,16.389948,1.295254,,,,,
NGC_2477,5538867963271800000,0.61386466,118.1588283,-38.51,0.6691,14.3960705,0.9145095,,,,,
NGC_2477,5538109746926350000,0.6137914,118.256025,-38.74,0.6591,15.434352,1.231181,,,,,
NGC_2477,5538876961218150000,0.61372649,118.3216376,-38.3,0.7038,11.693178,1.730939,,,,,
NGC_2477,5538510690713490000,0.61256988,117.797039,-38.46,0.7092,13.8038,0.922597,,,,,
NGC_2477,5538115553722440000,0.6125037,118.3253748,-38.6,0.6614,13.770477,1.094384,,,,,
NGC_2477,5538506464465280000,0.61232781,117.848615,-38.53,0.6226,16.092041,1.205317,,,,,
NGC_2477,5538116717649070000,0.61230285,118.2675539,-38.54,0.6634,18.007818,1.655344,,,,,
NGC_2477,5538869092842720000,0.61214125,118.0398232,-38.56,0.7346,17.646627,1.823808,,,,,
NGC_2477,5538492789289810000,0.61200033,117.8411278,-38.63,0.6325,17.177498,1.423674,,,,,
NGC_2477,5538888269876970000,0.611864,117.8646549,-38.28,0.727,17.160297,1.402832,,,,,
NGC_2477,5538872189519810000,0.61171813,118.171806,-38.37,0.732,17.137384,1.462408,,,,,
NGC_2477,5538480454143600000,0.61136911,117.9271853,-38.88,0.6765,14.314931,0.9071995,,,,,
NGC_2477,5538886620609540000,0.61122521,117.8672325,-38.37,0.6854,16.017153,1.400918,,,,,
NGC_2477,5538866515857730000,0.61111266,118.1032095,-38.55,0.7059,13.67881,0.797136,,,,,
NGC_2477,5538118886616970000,0.61103888,118.4635422,-38.55,0.7113,17.29924,1.590849,,,,,
NGC_2477,5537736531448090000,0.61066845,118.1379987,-38.84,0.667,15.249414,1.154293,,,,,
NGC_2477,5538870334093860000,0.61059742,118.0155838,-38.48,0.6312,17.880665,1.578061,,,,,
NGC_2477,5538487188652290000,0.61053875,117.9714055,-38.78,0.6813,13.854398,0.9921835,,,,,
NGC_2477,5538871364885870000,0.61039552,118.1565385,-38.45,0.6397,17.795942,1.634021,,,,,
NGC_2477,5538873804427200000,0.61017463,118.3103887,-38.43,0.6889,13.80694,0.922426,,,,,
NGC_2477,5538877858876360000,0.60979833,118.205522,-38.37,0.641,17.036613,1.585997,,,,,
NGC_2477,5538885486738570000,0.6095807,117.9940543,-38.34,0.6881,17.344217,1.559815,,,,,
NGC_2477,5538506597599660000,0.60943345,117.8722994,-38.51,0.6355,18.129591,1.689524,,,,,
NGC_2477,5538886586250180000,0.60939521,117.861354,-38.39,0.7125,15.114209,1.088323,,,,,
NGC_2477,5538495022672740000,0.60937345,117.9403229,-38.53,0.6107,17.069237,1.366717,,,,,
NGC_2477,5538113831430710000,0.6093538,118.1750901,-38.68,0.7417,18.317135,1.768542,,,,,
NGC_2477,5538492583131370000,0.60931342,117.89423,-38.62,0.684,15.005777,1.030739,,,,,
NGC_2477,5538882222563430000,0.60926838,117.9528119,-38.46,0.7076,15.696709,1.152564,,,,,
NGC_2477,5538884004968310000,0.60924548,117.9869598,-38.35,0.6605,17.048756,1.497893,,,,,
NGC_2477,5538114037589160000,0.60874103,118.169021,-38.68,0.7333,18.666697,1.90595,,,,,
NGC_2477,5538116618874310000,0.6087408,118.3155447,-38.53,0.6527,16.330418,1.450556,,,,,
NGC_2477,5538871536684610000,0.60873319,118.0958069,-38.45,0.6854,13.495097,0.9291995,,,,,
NGC_2477,5537720893464010000,0.6086647,118.2691071,-38.93,0.7033,18.194433,1.72043,,,,,
NGC_2477,5537738245128880000,0.60818643,118.1290586,-38.74,0.6781,18.064552,1.72122,,,,,
NGC_2477,5538873666988270000,0.60814841,118.2864251,-38.46,0.6843,13.608967,0.931628,,,,,
NGC_2477,5538488872279600000,0.60810554,118.027654,-38.72,0.7273,15.6689205,1.271576,,,,,
NGC_2477,5538494743488540000,0.60735598,117.9803969,-38.55,0.733,12.934997,0.634754,,,,,
NGC_2477,5538864836538570000,0.60732807,118.1446324,-38.63,0.7036,15.007574,0.96931,,,,,
NGC_2477,5538512305621080000,0.60730617,117.7826179,-38.36,0.6606,16.415575,1.186132,,,,,
NGC_2477,5538498115048870000,0.60723101,117.7422608,-38.69,0.6849,14.6799555,1.063108,,,,,
NGC_2477,5538868203789950000,0.60716374,118.1614811,-38.48,0.7187,15.258179,1.0868725,,,,,
NGC_2477,5538888166792630000,0.60710861,117.8009563,-38.28,0.6922,16.81083,1.345846,,,,,
NGC_2477,5538490212309250000,0.60703366,118.0384724,-38.68,0.737,12.199881,1.519734,,,,,
NGC_2477,5538494644715630000,0.60701566,117.9559029,-38.57,0.6982,16.612234,1.42572,,,,,
NGC_2477,5537737665319390000,0.60656957,118.069934,-38.8,0.656,15.344503,1.245353,,,,,
NGC_2477,5538887136005610000,0.60594953,117.9068788,-38.34,0.6532,16.807224,1.373095,,,,,
NGC_2477,5538114419851120000,0.60582912,118.2321958,-38.62,0.6898,19.036781,2.093086,,,,,
NGC_2477,5538512546139260000,0.60561207,117.7385603,-38.35,0.7258,15.740229,1.035507,,,,,
NGC_2477,5538869956136670000,0.60556085,118.0786795,-38.47,0.7346,8.886706,2.2750844,,,,,
NGC_2477,5538870261075620000,0.60510381,118.0252717,-38.49,0.6165,16.810297,1.321906,,,,,
NGC_2477,5538118886616970000,0.60492113,118.4643378,-38.54,0.6833,15.2110815,1.2649905,,,,,
NGC_2477,5538508904006640000,0.60452799,117.7354998,-38.53,0.6721,15.901886,1.206762,,,,,
NGC_2477,5538878271193210000,0.60442166,118.2017193,-38.32,0.7015,15.780679,1.246151,,,,,
NGC_2477,5538492991142610000,0.60441543,117.9583806,-38.65,0.6625,16.443743,1.248593,,,,,
NGC_2477,5538113045461610000,0.60406647,118.2053879,-38.69,0.6855,14.243961,0.994933,,,,,
NGC_2477,5538865558090140000,0.60375583,118.1648358,-38.57,0.6553,16.172916,1.152451,,,,,
NGC_2477,5538870265374380000,0.60349874,118.0224386,-38.49,0.6566,15.983081,1.178582,,,,,
NGC_2477,5538504712119020000,0.60333074,117.8339037,-38.59,0.7177,16.373335,1.370565,,,,,
NGC_2477,5538868547387290000,0.6032644,118.2089585,-38.46,0.7051,12.85353,0.876001,,,,,
NGC_2477,5538505605472230000,0.60299678,117.7701094,-38.58,0.6881,13.992701,0.858636,,,,,
NGC_2477,5538121326158450000,0.60229235,118.3816724,-38.58,0.6626,18.05032,1.755759,,,,,
NGC_2477,5538490315388450000,0.60226697,118.0403269,-38.65,0.7195,12.29911,1.252101,,,,,
NGC_2477,5538505949069610000,0.60220899,117.7388723,-38.54,0.7287,17.017406,1.645886,,,,,
NGC_2477,5538869131503020000,0.6019521,118.0575684,-38.54,0.6775,16.246328,1.196714,,,,,
NGC_2477,5538884039328060000,0.60179399,117.9647555,-38.34,0.7212,17.794638,1.666744,,,,,
NGC_2477,5538872842354610000,0.60148688,118.1290218,-38.39,0.6614,14.728525,1.083859,,,,,
NGC_2477,5538489044078300000,0.60122579,118.0224713,-38.71,0.726,15.545848,1.177167,,,,,
NGC_2477,5537738455593720000,0.60086775,118.1119987,-38.73,0.6365,15.316339,1.24452,,,,,
NGC_2477,5538494056294630000,0.60083328,117.9036383,-38.61,0.7492,18.696478,1.953319,,,,,
NGC_2477,5538864797877200000,0.60036303,118.1396907,-38.63,0.7011,12.993457,0.656559,,,,,
NGC_2477,5538885864695260000,0.60025934,117.9701155,-38.29,0.7174,16.48251,1.291526,,,,,
NGC_2477,5538887715820130000,0.60023894,117.8352126,-38.33,0.6552,17.0206,1.384492,,,,,
NGC_2477,5538865455010950000,0.60012308,118.1539969,-38.59,0.7584,17.101645,1.298781,,,,,
NGC_2477,5538505777270490000,0.60002927,117.8070287,-38.54,0.6921,16.764977,1.264444,,,,,
NGC_2477,5538494094959550000,0.59979868,117.9184294,-38.61,0.7265,15.713407,1.0921945,,,,,
NGC_2477,5538114007534300000,0.59954436,118.1437286,-38.67,0.7252,16.66537,1.296744,,,,,
NGC_2477,5538873289031170000,0.59944,118.1330708,-38.32,0.707,14.52797,1.049324,,,,,
NGC_2477,5538490727705420000,0.59936469,118.039206,-38.61,0.7223,12.565063,0.733667,,,,,
NGC_2477,5538489765626690000,0.5993073,117.9992939,-38.69,0.6456,20.031391,2.264276,,,,,
NGC_2477,5538489726967300000,0.59911162,117.9835669,-38.71,0.6253,16.131783,1.353387,,,,,
NGC_2477,5538492514411910000,0.59910942,117.8618698,-38.64,0.6968,14.30132,0.915834,,,,,
NGC_2477,5538891083073390000,0.59902766,118.1233528,-38.26,0.6963,16.79734,1.451575,,,,,
NGC_2477,5538872292598860000,0.59901442,118.0803719,-38.44,0.6613,15.029411,1.071833,,,,,
NGC_2477,5538871085711510000,0.59889293,118.0498302,-38.42,0.7366,17.274296,1.540798,,,,,
NGC_2477,5538487016853630000,0.59884216,118.0038836,-38.79,0.6628,15.59569,1.266992,,,,,
NGC_2477,5538511584066580000,0.59869357,117.803354,-38.38,0.7398,16.834793,1.29895,,,,,
NGC_2477,5538508040709060000,0.59861146,117.8801215,-38.43,0.7178,16.964195,1.369221,,,,,
NGC_2477,5538493059862110000,0.59846116,117.9457212,-38.64,0.6266,17.456877,1.486934,,,,,
NGC_2477,5538865519425320000,0.59842418,118.1471245,-38.57,0.705,12.640079,0.76637,,,,,
NGC_2477,5538867963271800000,0.59834766,118.1633297,-38.52,0.7264,15.175955,1.034939,,,,,
NGC_2477,5538112834998170000,0.59829634,118.2042343,-38.73,0.6475,15.650725,1.24456,,,,,
NGC_2477,5538122837986930000,0.59816671,118.3375044,-38.48,0.6689,15.078522,1.122901,,,,,
NGC_2477,5538886788107150000,0.59816002,117.8733525,-38.34,0.7355,19.607605,2.370409,,,,,
NGC_2477,5538869264640050000,0.5981567,118.014165,-38.56,0.629,16.747612,1.305402,,,,,
NGC_2477,5537736737606510000,0.59815176,118.1450813,-38.82,0.6376,15.386967,1.121818,,,,,
NGC_2477,5538889953504140000,0.59780478,117.8927587,-38.23,0.6719,13.391722,0.784292,,,,,
NGC_2477,5538114862222970000,0.59771121,118.3231442,-38.64,0.6702,16.720516,1.54074,,,,,
NGC_2477,5538870123633570000,0.59727355,118.0072205,-38.51,0.7724,18.060268,1.650429,,,,,
NGC_2477,5538116889446910000,0.59707666,118.296634,-38.51,0.7441,12.299073,1.560061,,,,,
NGC_2477,5538866206626480000,0.59703474,118.0816784,-38.54,0.7155,12.299064,0.66135,,,,,
NGC_2477,5538865588148040000,0.59697042,118.1808294,-38.57,0.6478,18.969658,1.974527,,,,,
NGC_2477,5538490448527320000,0.59697042,118.0595875,-38.63,0.6486,16.90636,1.344996,,,,,
NGC_2477,5538493201606630000,0.59686895,117.9753431,-38.62,0.6675,16.750626,1.282284,,,,,
NGC_2477,5538493717002670000,0.59626289,118.0056588,-38.59,0.6948,14.852858,0.992645,,,,,
NGC_2477,5538885314939630000,0.59614788,118.0654046,-38.29,0.7197,15.350187,1.23311,,,,,
NGC_2477,5538866726321260000,0.59589876,118.1151864,-38.52,0.7008,15.952789,1.143087,,,,,
NGC_2477,5538869165862850000,0.59589876,118.0709471,-38.53,0.6976,15.703017,1.089326,,,,,
NGC_2477,5538868989762120000,0.59578605,118.04049,-38.58,0.6203,18.746983,2.028166,,,,,
NGC_2477,5538869543815880000,0.59565647,118.0833988,-38.53,0.6463,17.623558,1.525915,,,,,
NGC_2477,5538869814397240000,0.59552534,118.0591133,-38.5,0.7288,17.765186,1.584795,,,,,
NGC_2477,5538866142205770000,0.59541422,118.0909408,-38.57,0.6066,16.932579,1.337412,,,,,
NGC_2477,5538869127201120000,0.59525205,118.0580082,-38.55,0.7296,17.841503,1.599407,,,,,
NGC_2477,5538510209677060000,0.59485321,117.6987304,-38.44,0.6817,13.638648,0.703392,,,,,
NGC_2477,5538884696464400000,0.59451947,118.0251838,-38.34,0.7085,16.448076,1.328429,,,,,
NGC_2477,5538865695529210000,0.59419287,118.0898368,-38.62,0.7388,15.6887245,1.125241,,,,,
NGC_2477,5538872322657060000,0.5941869,118.0875054,-38.41,0.686,17.90987,1.693683,,,,,
NGC_2477,5538493613923270000,0.59402935,117.9960865,-38.6,0.6943,12.031075,1.395139,,,,,
NGC_2477,5538499455078610000,0.59392076,117.6970129,-38.62,0.7036,15.453857,1.102522,,,,,
NGC_2477,5538868341228880000,0.59375814,118.180769,-38.47,0.7265,15.911825,1.218908,,,,,
NGC_2477,5538885070122880000,0.59353291,118.1072628,-38.32,0.66,17.916315,1.642449,,,,,
NGC_2477,5538113182900550000,0.59352798,118.2564647,-38.69,0.7323,16.452435,1.381838,,,,,
NGC_2477,5537735981681430000,0.59351989,118.0539623,-38.85,0.7027,17.78473,1.576136,,,,,
NGC_2477,5538489211571240000,0.59350352,118.0782848,-38.7,0.6985,17.403667,1.530449,,,,,
NGC_2477,5538871261806700000,0.59330135,118.1130587,-38.47,0.7572,17.67986,1.579794,,,,,
NGC_2477,5537738627392030000,0.59318936,118.1129611,-38.7,0.6711,16.479967,1.360977,,,,,
NGC_2477,5538110842133430000,0.59310941,118.3798142,-38.7,0.6709,17.204348,1.514048,,,,,
NGC_2477,5538869784337970000,0.59305586,118.0944834,-38.48,0.6845,14.956876,1.010154,,,,,
NGC_2477,5538890984296730000,0.59297342,118.1258556,-38.28,0.7013,14.706758,1.12824,,,,,
NGC_2477,5538935823756700000,0.59268553,117.8076433,-38.21,0.6884,15.63116,1.079858,,,,,
NGC_2477,5538487944560370000,0.59261582,117.9015777,-38.75,0.6726,18.39076,1.847643,,,,,
NGC_2477,5538870364151760000,0.59251252,117.9814159,-38.5,0.617,17.755146,1.584734,,,,,
NGC_2477,5538559618982130000,0.59200734,117.7587821,-38.32,0.684,15.848401,1.101684,,,,,
NGC_2477,5538935170921700000,0.59182355,117.7885555,-38.25,0.6833,14.360371,0.912741,,,,,
NGC_2477,5538490074870260000,0.59168041,117.9957094,-38.67,0.735,12.142465,1.455694,,,,,
NGC_2477,5538487669688570000,0.59166053,117.9057767,-38.78,0.7262,15.250752,1.08836,,,,,
NGC_2477,5538560581054820000,0.59127723,117.6851139,-38.29,0.6692,14.286925,0.846001,,,,,
NGC_2477,5538887376518310000,0.59125411,117.9313733,-38.29,0.7026,15.53259,1.23055,,,,,
NGC_2477,5538869990496400000,0.59099626,118.0902192,-38.47,0.6849,13.676548,0.890025,,,,,
NGC_2477,5538873666988270000,0.59091382,118.2789864,-38.45,0.698,16.345802,1.350524,,,,,
NGC_2477,5538490212309370000,0.59064502,118.0378313,-38.67,0.6737,16.147072,1.203102,,,,,
NGC_2477,5538497908890460000,0.59045316,117.7345594,-38.72,0.6735,13.487888,0.8157745,,,,,
NGC_2477,5538492102094710000,0.5903305,117.838746,-38.67,0.7198,15.638549,1.166143,,,,,
NGC_2477,5538484955269180000,0.5903305,117.8333671,-38.77,0.7126,15.677228,1.253277,,,,,
NGC_2477,5538505120130430000,0.59025606,117.7171266,-38.6,0.6304,17.329649,1.466325,,,,,
NGC_2477,5537735809893500000,0.59018347,117.9925032,-38.87,0.6676,15.10046,1.021302,,,,,
NGC_2477,5537735122698790000,0.59018347,118.0642136,-38.88,0.6725,15.248957,1.021525,,,,,
NGC_2477,5538873250370250000,0.59011494,118.1229955,-38.33,0.7697,18.665417,1.975567,,,,,
NGC_2477,5538871983361110000,0.58996032,118.1942787,-38.38,0.7024,17.259306,1.439572,,,,,
NGC_2477,5538892083807860000,0.58951568,118.0830288,-38.25,0.6799,13.53738,1.024824,,,,,
NGC_2477,5538114866527690000,0.58941174,118.3212447,-38.64,0.7135,16.104633,1.397823,,,,,
NGC_2477,5538868199491330000,0.58927447,118.1531733,-38.49,0.78,18.13348,1.552099,,,,,
NGC_2477,5538867276077000000,0.58901731,118.2014519,-38.51,0.685,15.358005,1.094542,,,,,
NGC_2477,5538113285979760000,0.58878348,118.2661306,-38.68,0.7314,17.563316,1.645328,,,,,
NGC_2477,5537737734038880000,0.58867771,118.1051257,-38.79,0.6781,14.469474,1.097143,,,,,
NGC_2477,5538887062985100000,0.58857264,117.8492074,-38.33,0.7398,16.205944,1.208909,,,,,
NGC_2477,5538878133754280000,0.5885331,118.1721008,-38.35,0.7234,15.482742,1.177358,,,,,
NGC_2477,5538110223658100000,0.58851985,118.3121458,-38.71,0.6991,17.678778,1.611828,,,,,
NGC_2477,5538491758497650000,0.5884466,117.9136486,-38.66,0.7126,14.325346,0.917253,,,,,
NGC_2477,5538491754191990000,0.58844332,117.910382,-38.66,0.6384,17.175276,1.414526,,,,,
NGC_2477,5538494472918820000,0.58839763,117.9091109,-38.57,0.6493,17.83086,1.575038,,,,,
NGC_2477,5538504712118640000,0.58766115,117.8222863,-38.59,0.7041,15.585308,1.108203,,,,,
NGC_2477,5538870024856160000,0.5876466,118.0721535,-38.48,0.7197,16.522919,1.265482,,,,,
NGC_2477,5538889438108020000,0.58752067,117.9974045,-38.22,0.6782,13.557566,0.872456,,,,,
NGC_2477,5538118332556660000,0.58727099,118.4199149,-38.59,0.6592,18.10077,1.837107,,,,,
NGC_2477,5537733297332720000,0.58720652,118.1720947,-38.89,0.6845,17.177513,1.454253,,,,,
NGC_2477,5538879336345090000,0.58698462,118.1863123,-38.28,0.684,11.9496765,1.591817,,,,,
NGC_2477,5538115210125080000,0.5869391,118.2913601,-38.62,0.6521,16.672916,1.559766,,,,,
NGC_2477,5538872670556150000,0.58674505,118.0606287,-38.38,0.6596,15.516302,1.179827,,,,,
NGC_2477,5538870295435360000,0.58653007,118.0072325,-38.49,0.7408,18.376526,1.726915,,,,,
NGC_2477,5538488528682240000,0.58622422,117.948952,-38.7,0.6784,15.866312,1.230436,,,,,
NGC_2477,5538491380540260000,0.58616153,117.8956333,-38.7,0.7451,11.597055,1.669132,,,,,
NGC_2477,5537737149923360000,0.58609791,118.1672395,-38.79,0.6908,14.9486065,1.200862,,,,,
NGC_2477,5538494679075380000,0.5854459,117.9390331,-38.57,0.7588,17.657295,1.510872,,,,,
NGC_2477,5538874388542730000,0.58535827,118.3565374,-38.37,0.6801,16.026464,1.265706,,,,,
NGC_2477,5538506430107740000,0.58502863,117.8451584,-38.55,0.6499,17.346117,1.458543,,,,,
NGC_2477,5538110090524100000,0.5849925,118.2903352,-38.73,0.6921,14.529949,1.107521,,,,,
NGC_2477,5538493167246910000,0.58497577,117.9639471,-38.64,0.7111,14.208168,1.017555,,,,,
NGC_2477,5538867447871270000,0.58489966,118.2502244,-38.5,0.6505,19.325262,2.102155,,,,,
NGC_2477,5538493717002660000,0.58471668,118.0087072,-38.58,0.7574,17.463505,1.473671,,,,,
NGC_2477,5538870608971860000,0.58468609,117.9866613,-38.45,0.7003,15.68767,1.1991,,,,,
NGC_2477,5538869440740660000,0.58468065,118.050782,-38.52,0.7393,14.568005,0.911498,,,,,
NGC_2477,5538887479602990000,0.5846326,117.8746562,-38.29,0.6959,14.520304,0.941001,,,,,
NGC_2477,5538867654034090000,0.5845313,118.2388366,-38.49,0.7064,15.992378,1.212316,,,,,
NGC_2477,5538871227446940000,0.58435377,118.1321715,-38.47,0.7276,15.260943,1.123536,,,,,
NGC_2477,5538118096343040000,0.58376659,118.4238107,-38.62,0.7324,15.628674,1.299964,,,,,
NGC_2477,5538098339493530000,0.58321808,118.4343877,-38.79,0.6753,14.745412,0.987129,,,,,
NGC_2477,5538866485803070000,0.58294936,118.1398107,-38.53,0.6481,17.514317,1.727739,,,,,
NGC_2477,5538885692896560000,0.5826436,118.0039705,-38.3,0.6547,16.571991,1.435319,,,,,
NGC_2477,5538864973974690000,0.58238885,118.1031875,-38.62,0.657,16.342836,1.241361,,,,,
NGC_2477,5538883150276230000,0.58238197,117.9967118,-38.39,0.7104,15.892196,1.218792,,,,,
NGC_2477,5538865936047330000,0.58225421,118.1006851,-38.57,0.6342,15.963269,1.136383,,,,,
NGC_2477,5538506666319150000,0.58210869,117.8521014,-38.5,0.6726,16.368374,1.312099,,,,,
NGC_2477,5538480797740940000,0.58188882,117.9012639,-38.85,0.6858,16.256132,1.213644,,,,,
NGC_2477,5538872601836490000,0.58180964,118.062834,-38.4,0.6391,16.791115,1.394875,,,,,
NGC_2477,5538501787235580000,0.5817901,117.6057569,-38.66,0.6546,17.64643,1.531815,,,,,
NGC_2477,5538489078437900000,0.58141864,118.0404589,-38.7,0.6973,14.297716,1.028164,,,,,
NGC_2477,5538493476486430000,0.58141377,117.9508038,-38.61,0.7592,17.670033,1.7595,,,,,
NGC_2477,5538884421586490000,0.58115247,118.0506698,-38.37,0.7329,16.242697,1.266754,,,,,
NGC_2477,5538869818697750000,0.58099061,118.0582101,-38.5,0.6651,14.092621,0.818623,,,,,
NGC_2477,5538490104929930000,0.58039877,118.0031419,-38.67,0.6438,17.135466,1.436599,,,,,
NGC_2477,5538113698296250000,0.58036656,118.1542493,-38.7,0.6751,14.193305,0.959008,,,,,
NGC_2477,5538878752229510000,0.58012708,118.2561989,-38.28,0.6874,13.824229,0.962725,,,,,
NGC_2477,5538866691961500000,0.57997166,118.1310614,-38.51,0.6161,15.731798,1.224015,,,,,
NGC_2477,5538871360580820000,0.57996245,118.1529406,-38.45,0.7318,12.473043,1.015081,,,,,
NGC_2477,5537733022454820000,0.57990804,118.2338498,-38.87,0.6603,15.055768,1.147346,,,,,
NGC_2477,5538499145840980000,0.57949471,117.7076001,-38.65,0.6879,14.768051,1.048274,,,,,
NGC_2477,5538499523798070000,0.57944559,117.6824837,-38.59,0.6837,14.902536,1.187989,,,,,
NGC_2477,5538499420718870000,0.57919427,117.6840397,-38.63,0.6823,16.772032,1.5175,,,,,
NGC_2477,5538508766567660000,0.57919427,117.678575,-38.53,0.669,13.470878,0.83659,,,,,
NGC_2477,5538879675637480000,0.57918135,118.229624,-38.24,0.7051,12.632675,1.083788,,,,,
NGC_2477,5538883871830770000,0.57917725,117.9527742,-38.37,0.7412,16.530088,1.3252155,,,,,
NGC_2477,5538485401945740000,0.57911973,117.7562199,-38.79,0.692,16.004993,1.194064,,,,,
NGC_2477,5538870780766330000,0.57908761,118.056687,-38.45,0.6577,15.97578,1.193764,,,,,
NGC_2477,5537737489214630000,0.57874834,118.1886744,-38.75,0.6674,17.744884,1.915033,,,,,
NGC_2477,5538491513673780000,0.5787357,117.9210788,-38.68,0.7395,16.945293,1.438607,,,,,
NGC_2477,5538866588882350000,0.57857984,118.0862823,-38.54,0.6917,13.281138,0.732747,,,,,
NGC_2477,5538865072751920000,0.57849949,118.1067327,-38.61,0.7825,18.874306,2.024196,,,,,
NGC_2477,5538868233848010000,0.57847844,118.1393046,-38.49,0.6647,17.54,1.674154,,,,,
NGC_2477,5538871536684610000,0.57842685,118.0932091,-38.45,0.6443,16.674213,1.33947,,,,,
NGC_2477,5538494575996170000,0.57818404,117.9074352,-38.55,0.6767,14.566856,0.947189,,,,,
NGC_2477,5538491788551740000,0.57802822,117.9016278,-38.66,0.7012,14.57042,0.985415,,,,,
NGC_2477,5538490895202870000,0.5779426,117.8754414,-38.74,0.6442,18.93517,2.027948,,,,,
NGC_2477,5538115107045870000,0.57789044,118.2851999,-38.63,0.7258,17.456152,1.64874,,,,,
NGC_2477,5538868268207790000,0.57784082,118.1531103,-38.47,0.7231,16.363058,1.275227,,,,,
NGC_2477,5538492956782820000,0.57762834,117.9463447,-38.67,0.7097,17.768356,1.608637,,,,,
NGC_2477,5538490177949650000,0.5769679,117.9890452,-38.64,0.7345,16.488047,1.217521,,,,,
NGC_2477,5538872464393210000,0.57684534,118.1179379,-38.4,0.7379,18.351448,1.854797,,,,,
NGC_2477,5537732270840620000,0.57675096,118.2427605,-38.93,0.6937,13.393286,0.9337195,,,,,
NGC_2477,5538099026688240000,0.57659931,118.5053834,-38.72,0.6764,16.138002,1.351816,,,,,
NGC_2477,5538872670555960000,0.57640003,118.0621453,-38.38,0.7523,16.315514,1.327519,,,,,
NGC_2477,5538493781416760000,0.57630855,117.9729416,-38.6,0.6313,19.176682,2.166502,,,,,
NGC_2477,5538489628193710000,0.57617697,118.0777394,-38.65,0.7308,17.236568,1.40983,,,,,
NGC_2477,5538882493139520000,0.57604193,117.9412848,-38.45,0.6755,14.788972,1.029273,,,,,
NGC_2477,5538488253804130000,0.5755602,117.9652721,-38.71,0.676,15.732406,1.35301,,,,,
NGC_2477,5538113595217400000,0.57550502,118.2495047,-38.65,0.6896,15.361305,1.3932635,,,,,
NGC_2477,5538507284794400000,0.57533689,117.8249996,-38.51,0.7378,16.270285,1.208231,,,,,
NGC_2477,5538869848755710000,0.57529492,118.0769784,-38.49,0.6219,17.26042,1.415995,,,,,
NGC_2477,5538503887484750000,0.5752949,117.5776776,-38.51,0.7014,16.670208,1.310025,,,,,
NGC_2477,5538493820081900000,0.57522335,117.9823313,-38.58,0.6243,16.843077,1.283077,,,,,
NGC_2477,5538123353382970000,0.57511443,118.363437,-38.42,0.7052,15.708058,1.175187,,,,,
NGC_2477,5538493953215660000,0.57498954,118.0051799,-38.56,0.7062,17.773592,1.674456,,,,,
NGC_2477,5538506258306880000,0.57482704,117.8629562,-38.56,0.6477,17.511862,1.469588,,,,,
NGC_2477,5538494713430960000,0.57438777,117.9491277,-38.56,0.7644,18.044361,1.573654,,,,,
NGC_2477,5538498527365670000,0.57415438,117.6304877,-38.7,0.6593,15.015242,1.118453,,,,,
NGC_2477,5538104936563220000,0.57409033,118.5170635,-38.69,0.6873,14.4283495,1.17286,,,,,
NGC_2477,5538874903938840000,0.57394245,118.2583415,-38.39,0.7476,16.548113,1.406992,,,,,
NGC_2477,5538487119932840000,0.57392742,118.01147,-38.78,0.644,15.641931,1.291746,,,,,
NGC_2477,5538883936248770000,0.57385361,117.9443184,-38.37,0.7395,17.642414,1.573521,,,,,
NGC_2477,5538112800638390000,0.57370965,118.1929985,-38.74,0.6513,17.832165,1.731937,,,,,
NGC_2477,5538872803693560000,0.57355669,118.0767384,-38.36,0.6988,18.928783,2.009376,,,,,
NGC_2477,5538109536463150000,0.57340135,118.2447658,-38.77,0.698,18.085165,1.751646,,,,,
NGC_2477,5538869372021220000,0.57324571,118.0161638,-38.52,0.629,15.914998,1.109764,,,,,
NGC_2477,5538486394076580000,0.57322973,117.9630085,-38.85,0.6751,17.037657,1.369402,,,,,
NGC_2477,5537733713949560000,0.57305263,118.174718,-38.84,0.6961,14.100673,0.932461,,,,,
NGC_2477,5538096548486470000,0.57305263,118.3506284,-38.83,0.7041,16.873955,1.478644,,,,,
NGC_2477,5538485711183360000,0.57284885,117.7359718,-38.76,0.6805,17.66625,1.569736,,,,,
NGC_2477,5538883833169480000,0.57269025,117.9454711,-38.39,0.7513,17.076077,1.434313,,,,,
NGC_2477,5538116236612640000,0.57233949,118.2553101,-38.58,0.768,18.362629,1.836627,,,,,
NGC_2477,5538494094959550000,0.57223732,117.9143712,-38.6,0.6903,15.510575,1.065037,,,,,
NGC_2477,5538124968290640000,0.5719749,118.4056183,-38.4,0.6877,13.885933,0.912627,,,,,
NGC_2477,5538864973974690000,0.5719003,118.1004742,-38.62,0.6768,15.344564,1.057313,,,,,
NGC_2477,5538109639542370000,0.57180851,118.2563142,-38.77,0.7205,15.800978,1.324671,,,,,
NGC_2477,5537732270840610000,0.57159951,118.2416798,-38.92,0.6798,16.791122,1.402935,,,,,
NGC_2477,5538508968421560000,0.57148245,117.7083215,-38.51,0.7095,16.38448,1.412129,,,,,
NGC_2477,5538113870095330000,0.5714553,118.1932633,-38.67,0.6451,14.750573,1.038642,,,,,
NGC_2477,5537736978125220000,0.57142374,118.115426,-38.8,0.7225,18.025099,1.663637,,,,,
NGC_2477,5538488872279470000,0.57130235,118.0281998,-38.72,0.6265,16.70957,1.404313,,,,,
NGC_2477,5538507701416250000,0.57105687,117.8257698,-38.48,0.6533,13.275645,0.80681,,,,,
NGC_2477,5538488734840620000,0.57105389,118.0767309,-38.73,0.7119,16.504614,1.331178,,,,,
NGC_2477,5538889403748290000,0.57095718,117.9847489,-38.24,0.6986,14.945206,1.083034,,,,,
NGC_2477,5538114213692700000,0.57059407,118.2244505,-38.65,0.6779,13.026279,0.985929,,,,,
NGC_2477,5538503612606860000,0.57016525,117.6034022,-38.54,0.6815,15.174029,1.084796,,,,,
NGC_2477,5538508006349210000,0.57011006,117.8704864,-38.45,0.7424,17.661213,1.80559,,,,,
NGC_2477,5538492308253130000,0.56999884,117.8309342,-38.66,0.6438,16.533062,1.283901,,,,,
NGC_2477,5538886066559730000,0.56972491,118.0408795,-38.28,0.725,17.330317,1.732322,,,,,
NGC_2477,5538867482230960000,0.56953635,118.2750868,-38.5,0.7484,16.977125,1.377413,,,,,
NGC_2477,5538110154938620000,0.5694378,118.2756683,-38.71,0.6534,16.606798,1.40377,,,,,
NGC_2477,5538490418469750000,0.56914096,118.0455779,-38.63,0.6471,16.839634,1.49833,,,,,
NGC_2477,5538491616752970000,0.56891522,117.8862437,-38.68,0.6527,17.877102,1.640817,,,,,
NGC_2477,5538886311371840000,0.56888174,118.0119134,-38.27,0.699,16.112616,1.294658,,,,,
NGC_2477,5538111774151250000,0.56882692,118.3116727,-38.67,0.6598,14.065658,1.121408,,,,,
NGC_2477,5538506258306870000,0.56824167,117.8631422,-38.55,0.7512,17.190163,1.371441,,,,,
NGC_2477,5538868955402720000,0.56820959,118.2158412,-38.41,0.6557,16.36529,1.368339,,,,,
NGC_2477,5538487119927190000,0.56802512,118.0055961,-38.79,0.7432,18.198503,2.001097,,,,,
NGC_2477,5538114557290090000,0.56796829,118.1949236,-38.62,0.6798,15.516695,1.1215745,,,,,
NGC_2477,5538869161563980000,0.56794389,118.0804299,-38.54,0.6399,17.85109,1.607374,,,,,
NGC_2477,5538878060733530000,0.567811,118.194803,-38.36,0.6528,18.065723,1.942888,,,,,
NGC_2477,5538494850874020000,0.56756434,117.9726072,-38.52,0.6243,17.710978,1.827558,,,,,
NGC_2477,5538487527948230000,0.56744709,117.8971449,-38.79,0.7332,16.893976,1.354302,,,,,
NGC_2477,5537738489953090000,0.56728501,118.0955206,-38.73,0.744,18.104494,1.766463,,,,,
NGC_2477,5538888098078290000,0.5670078,117.8152421,-38.28,0.6971,16.122591,1.179511,,,,,
NGC_2477,5538871090008030000,0.56694301,118.0445116,-38.41,0.7623,16.840187,1.371876,,,,,
NGC_2477,5538122975425850000,0.56678538,118.3881896,-38.48,0.7062,14.887415,1.202814,,,,,
NGC_2477,5538864626072130000,0.56623246,118.1333945,-38.66,0.7308,12.2675295,1.452825,,,,,
NGC_2477,5537736187850640000,0.56615344,118.0589751,-38.81,0.6551,16.15017,1.459375,,,,,
NGC_2477,5538882325640170000,0.5659087,117.9755375,-38.46,0.777,19.381977,2.295147,,,,,
NGC_2477,5538866210925240000,0.56553274,118.0786738,-38.55,0.6915,13.3048525,0.8059125,,,,,
NGC_2477,5538504501655060000,0.56552387,117.8122256,-38.62,0.747,17.583735,1.495081,,,,,
NGC_2477,5538488288163870000,0.56538747,117.935141,-38.74,0.6707,15.898977,1.2298,,,,,
NGC_2477,5538869509456230000,0.56491713,118.0444318,-38.51,0.6173,17.96616,1.66957,,,,,
NGC_2477,5538508285531760000,0.56486139,117.8507275,-38.41,0.7498,17.68919,1.578924,,,,,
NGC_2477,5537719042341440000,0.56471858,118.3237191,-39.04,0.6799,13.234012,1.004507,,,,,
NGC_2477,5537718831879540000,0.56458983,118.204624,-39,0.6813,19.887934,1.784731,,,,,
NGC_2477,5538489898766110000,0.56393142,118.0107517,-38.66,0.6562,17.4794,1.602793,,,,,
NGC_2477,5538872288297290000,0.56391408,118.0814064,-38.42,0.7049,17.897291,1.620998,,,,,
NGC_2477,5538869883115450000,0.56355568,118.0514928,-38.49,0.6439,18.435965,1.825233,,,,,
NGC_2477,5538871429303820000,0.5633088,118.1395725,-38.43,0.7085,15.965412,1.273404,,,,,
NGC_2477,5538491444953680000,0.56323062,117.9248393,-38.69,0.7519,12.150342,1.63565,,,,,
NGC_2477,5538494640410380000,0.5630803,117.9614807,-38.57,0.5992,18.025969,1.63278,,,,,
NGC_2477,5538866515861000000,0.56302105,118.1011969,-38.55,0.6622,16.53164,1.236721,,,,,
NGC_2477,5538884833903320000,0.56290647,118.0491608,-38.32,0.6997,15.9160595,1.234485,,,,,
NGC_2477,5538869097146090000,0.5624108,118.0364348,-38.54,0.7341,12.966005,0.726577,,,,,
NGC_2477,5538888132438020000,0.56207661,117.8309911,-38.27,0.7083,15.652455,1.114018,,,,,
NGC_2477,5538489147157410000,0.56188926,118.0903267,-38.7,0.6684,16.879168,1.41037,,,,,
NGC_2477,5538886483170510000,0.56182918,118.0492322,-38.22,0.7039,14.668541,1.260201,,,,,
NGC_2477,5537733434771680000,0.56170204,118.1859104,-38.86,0.7089,17.48686,1.531714,,,,,
NGC_2477,5538558966147150000,0.56132996,117.6992346,-38.37,0.6878,16.584105,1.189068,,,,,
NGC_2477,5538865386291430000,0.56124758,118.1923077,-38.58,0.7006,15.633972,1.141262,,,,,
NGC_2477,5538878232532320000,0.56119234,118.2191762,-38.33,0.6568,16.725334,1.407412,,,,,
NGC_2477,5538504746478380000,0.5611231,117.8401895,-38.57,0.729,12.442691,0.904155,,,,,
NGC_2477,5538104038905150000,0.56090783,118.5565635,-38.72,0.6898,15.402038,1.1302695,,,,,
NGC_2477,5538118783537740000,0.56072773,118.4875672,-38.54,0.6865,13.792877,1.236496,,,,,
NGC_2477,5538866932479610000,0.56070507,118.2388044,-38.56,0.7442,16.122316,1.1924735,,,,,
NGC_2477,5538874525981720000,0.56070507,118.2773993,-38.42,0.7249,15.992467,1.285922,,,,,
NGC_2477,5538493918860910000,0.56027388,117.9976865,-38.58,0.7048,18.224056,1.699987,,,,,
NGC_2477,5538498149408600000,0.56003918,117.7423237,-38.67,0.6878,15.784705,1.207893,,,,,
NGC_2477,5538120638963570000,0.55995502,118.5184081,-38.48,0.6804,14.309663,0.995899,,,,,
NGC_2477,5538123422102420000,0.55995502,118.3968376,-38.42,0.6648,15.026486,1.081574,,,,,
NGC_2477,5538493717002670000,0.55983786,117.9960969,-38.59,0.7091,15.664892,1.052025,,,,,
NGC_2477,5538510720768620000,0.55941742,117.8060048,-38.44,0.7407,20.18975,2.133679,,,,,
NGC_2477,5538124624693250000,0.55940402,118.4388613,-38.43,0.6834,15.933656,1.260823,,,,,
NGC_2477,5538492303947810000,0.55937325,117.8323111,-38.66,0.6246,17.880444,1.622054,,,,,
NGC_2477,5538493339045610000,0.55928452,117.9279266,-38.62,0.6907,16.607794,1.268223,,,,,
NGC_2477,5538096312268660000,0.55897227,118.3265155,-38.89,0.6632,16.165577,1.310412,,,,,
NGC_2477,5537719866975130000,0.55891128,118.3369788,-38.96,0.6924,15.512163,1.166064,,,,,
NGC_2477,5538511614122180000,0.55884497,117.8172438,-38.36,0.6918,16.779701,1.293248,,,,,
NGC_2477,5538122906706400000,0.55845676,118.3368081,-38.47,0.6946,14.91995,1.087613,,,,,
NGC_2477,5538871158727500000,0.55811139,118.0443839,-38.41,0.7441,13.970447,0.921978,,,,,
NGC_2477,5538868272509440000,0.55799095,118.1459666,-38.48,0.7245,16.606728,1.308121,,,,,
NGC_2477,5538886616308380000,0.55783323,117.8738184,-38.36,0.7473,18.328884,1.81839,,,,,
NGC_2477,5538865283212220000,0.55772387,118.1955677,-38.59,0.7539,15.847786,1.171189,,,,,
NGC_2477,5538559477235610000,0.55767297,117.7328208,-38.34,0.6838,12.352787,0.603721,,,,,
NGC_2477,5538870540248450000,0.55749699,118.0017736,-38.47,0.623,16.33141,1.284312,,,,,
NGC_2477,5538884799543600000,0.55745199,118.0383566,-38.34,0.6509,16.141201,1.30393,,,,,
NGC_2477,5538890400180720000,0.55743691,117.9002238,-38.17,0.712,17.110723,1.425669,,,,,
NGC_2477,5538882321343790000,0.55742111,117.9718308,-38.45,0.7574,17.050339,1.509344,,,,,
NGC_2477,5538873048513010000,0.55734115,118.1411144,-38.34,0.7113,14.964178,1.250362,,,,,
NGC_2477,5537720416730900000,0.55726752,118.2545578,-38.96,0.6827,15.106014,1.16437,,,,,
NGC_2477,5538869578179560000,0.5572163,118.0917996,-38.51,0.6402,16.877037,1.319438,,,,,
NGC_2477,5538487016853610000,0.55719152,117.9832535,-38.79,0.6647,16.4502,1.375416,,,,,
NGC_2477,5538494399892110000,0.55714601,117.8748128,-38.59,0.7561,18.520416,1.777485,,,,,
NGC_2477,5538494198039120000,0.55693659,117.9223294,-38.59,0.68,14.172918,0.872341,,,,,
NGC_2477,5538490933863680000,0.55681529,117.8926509,-38.74,0.6861,14.2359495,1.116353,,,,,
NGC_2477,5537737252992050000,0.55679195,118.1804014,-38.79,0.659,20.001242,2.474496,,,,,
NGC_2477,5538506808063020000,0.55666993,117.8987795,-38.51,0.671,13.263483,0.862237,,,,,
NGC_2477,5538868616106740000,0.55652948,118.2508082,-38.45,0.7033,16.879887,1.581394,,,,,
NGC_2477,5538884176766980000,0.55649296,117.9157663,-38.36,0.676,16.014332,1.232695,,,,,
NGC_2477,5538510999951170000,0.5560496,117.7901278,-38.42,0.6789,13.6976595,0.826996,,,,,
NGC_2477,5537735363217520000,0.55589817,118.0784196,-38.84,0.7076,15.859529,1.256774,,,,,
NGC_2477,5538111769847090000,0.55581074,118.3167313,-38.68,0.6768,19.705593,2.309634,,,,,
NGC_2477,5538887784540190000,0.55541088,117.8168708,-38.31,0.6582,19.905144,2.354012,,,,,
NGC_2477,5538866245284960000,0.55540783,118.123382,-38.58,0.7463,15.774075,1.191267,,,,,
NGC_2477,5538506808063010000,0.55528841,117.9036342,-38.5,0.6734,17.67132,1.550006,,,,,
NGC_2477,5538870639029730000,0.55496384,118.0377467,-38.47,0.7555,17.241516,1.398348,,,,,
NGC_2477,5538936098634650000,0.55483234,117.7445754,-38.22,0.6728,14.502447,0.920668,,,,,
NGC_2477,5538494782154550000,0.55471319,117.9869358,-38.54,0.7481,17.805227,1.578999,,,,,
NGC_2477,5537737592296990000,0.55444695,118.0897273,-38.82,0.6473,16.085468,1.2738,,,,,
NGC_2477,5538499077121950000,0.55414478,117.6742226,-38.67,0.6535,16.53142,1.322478,,,,,
NGC_2477,5538558618244380000,0.55383015,117.6304545,-38.34,0.7257,18.501234,1.787831,,,,,
NGC_2477,5538868994064110000,0.55378508,118.0330988,-38.58,0.7545,12.072042,1.411575,,,,,
NGC_2477,5538115897319870000,0.55352208,118.2495196,-38.61,0.6694,17.501097,1.613819,,,,,
NGC_2477,5538511133085530000,0.55308139,117.8270016,-38.43,0.7567,17.993345,1.646031,,,,,
NGC_2477,5538511584066570000,0.55307502,117.8036994,-38.37,0.6785,16.931602,1.316376,,,,,
NGC_2477,5538882424420090000,0.55298191,117.9748237,-38.43,0.7696,17.497309,1.577972,,,,,
NGC_2477,5538876686344050000,0.55287972,118.3429758,-38.34,0.6789,17.992668,1.711286,,,,,
NGC_2477,5538879130186660000,0.55245382,118.1935668,-38.28,0.7377,15.484073,1.178854,,,,,
NGC_2477,5538508590464350000,0.55228922,117.7024046,-38.53,0.7356,18.305162,1.805246,,,,,
NGC_2477,5538487944566460000,0.55192736,117.8910993,-38.76,0.6362,16.522318,1.352723,,,,,
NGC_2477,5538121910268400000,0.55039851,118.4426907,-38.51,0.662,16.43207,1.400934,,,,,
NGC_2477,5538488219444400000,0.55026117,117.9647534,-38.72,0.7114,15.54331,1.284928,,,,,
NGC_2477,5538874010585620000,0.55025167,118.3326477,-38.42,0.6979,14.514888,0.99639,,,,,
NGC_2477,5538875625493300000,0.5501961,118.3990985,-38.37,0.6568,14.312228,1.026337,,,,,
NGC_2477,5538103974490520000,0.5500283,118.5846064,-38.71,0.6829,15.356709,1.225662,,,,,
NGC_2477,5538871188785520000,0.54982712,118.1275126,-38.48,0.6586,17.168667,1.40341,,,,,
NGC_2477,5537737459161300000,0.54954801,118.1694348,-38.75,0.71,16.138233,1.439447,,,,,
NGC_2477,5538882703595890000,0.54931373,117.9446439,-38.41,0.6419,18.6095,1.875949,,,,,
NGC_2477,5538511103030340000,0.54930663,117.8120076,-38.43,0.6947,15.546752,1.056428,,,,,
NGC_2477,5538121738475290000,0.54905387,118.3933373,-38.53,0.6761,13.21628,0.954964,,,,,
NGC_2477,5538891843289650000,0.54876555,118.1614537,-38.21,0.6702,17.102783,1.554693,,,,,
NGC_2477,5538490212309240000,0.54864745,118.0363835,-38.66,0.6333,17.580957,1.54339,,,,,
NGC_2477,5538122391310270000,0.54858761,118.4275982,-38.46,0.6889,14.949361,1.082439,,,,,
NGC_2477,5538868959707190000,0.548485,118.2062054,-38.41,0.7387,17.005001,1.478932,,,,,
NGC_2477,5538107169946110000,0.54845833,118.6313712,-38.59,0.6712,14.544879,1.175549,,,,,
NGC_2477,5537733988827490000,0.54833471,118.2344857,-38.81,0.723,16.958998,1.536033,,,,,
NGC_2477,5538493678337670000,0.54819153,118.0201908,-38.59,0.7784,17.736763,1.555807,,,,,
NGC_2477,5538884868263270000,0.5473326,118.0218813,-38.33,0.7525,15.892877,1.255784,,,,,
NGC_2477,5537738558672580000,0.5470748,118.1271927,-38.71,0.6854,14.449951,1.066553,,,,,
NGC_2477,5538891224814380000,0.5466812,118.1405496,-38.24,0.6835,13.257298,1.0030755,,,,,
NGC_2477,5538884833903320000,0.54639311,118.0535154,-38.32,0.6909,15.318336,1.140121,,,,,
NGC_2477,5538883180337260000,0.54578637,118.003959,-38.37,0.7574,19.182953,2.338676,,,,,
NGC_2477,5538491273155580000,0.54534701,117.8587444,-38.69,0.6323,17.471327,1.536486,,,,,
NGC_2477,5538887097344920000,0.54517376,117.8639231,-38.31,0.6835,16.96444,1.390804,,,,,
NGC_2477,5538493991880570000,0.54443481,117.9821381,-38.56,0.7137,18.023415,1.613508,,,,,
NGC_2477,5538873284730040000,0.54435346,118.1378809,-38.32,0.7449,18.758162,1.95564,,,,,
NGC_2477,5538872326958570000,0.54413172,118.0963195,-38.42,0.7103,14.555917,1.018796,,,,,
NGC_2477,5538885344998300000,0.54406888,118.076368,-38.29,0.6538,17.113226,1.536708,,,,,
NGC_2477,5538113801375860000,0.5440268,118.1948455,-38.68,0.6652,15.390481,1.1233485,,,,,
NGC_2477,5538490487187120000,0.54387428,118.0165182,-38.65,0.7127,12.020397,0.869049,,,,,
NGC_2477,5538493407764820000,0.5438524,117.9560133,-38.61,0.6453,16.863916,1.517435,,,,,
NGC_2477,5538885864695260000,0.54380159,117.9734665,-38.28,0.6742,15.397068,1.154965,,,,,
NGC_2477,5538865656867540000,0.54347038,118.1686792,-38.55,0.6581,18.281128,1.796946,,,,,
NGC_2477,5538122563109020000,0.54337855,118.3634684,-38.51,0.7043,17.053808,1.487059,,,,,
NGC_2477,5538498901019520000,0.54330515,117.6609242,-38.66,0.6819,19.520819,1.872862,,,,,
NGC_2477,5538870913907660000,0.54300063,118.0149955,-38.47,0.6991,16.900608,1.371719,,,,,
NGC_2477,5538882458779780000,0.54255432,117.9314777,-38.45,0.6265,17.049381,1.414437,,,,,
NGC_2477,5538869234582320000,0.54229111,118.0669135,-38.53,0.6773,12.025831,0.839038,,,,,
NGC_2477,5538867104278320000,0.54227094,118.2025653,-38.54,0.6931,17.22904,1.593784,,,,,
NGC_2477,5538883764450090000,0.54196895,117.8917212,-38.37,0.7182,14.794167,1.039028,,,,,
NGC_2477,5538502203857620000,0.54191234,117.5995229,-38.61,0.6718,14.018751,0.796116,,,,,
NGC_2477,5537736737606510000,0.54190687,118.1539959,-38.81,0.658,14.956625,1.133795,,,,,
NGC_2477,5538488421297230000,0.54187594,117.9450245,-38.71,0.6073,16.915922,1.50285,,,,,
NGC_2477,5538884181068100000,0.5416331,117.9105948,-38.35,0.6779,17.191036,1.454413,,,,,
NGC_2477,5538870608967890000,0.54157803,117.9937458,-38.45,0.6291,19.233078,2.500734,,,,,
NGC_2477,5538934960456520000,0.54151345,117.7644352,-38.29,0.7013,12.0493765,0.661607,,,,,
NGC_2477,5538865278910350000,0.54118666,118.1844822,-38.6,0.7605,19.12497,2.19586,,,,,
NGC_2477,5538510415835060000,0.54115025,117.6798638,-38.44,0.6721,13.239386,0.662113,,,,,
NGC_2477,5538869990496390000,0.54086129,118.0908856,-38.46,0.7503,16.897366,1.56962,,,,,
NGC_2477,5538557316879610000,0.54085504,117.6558227,-38.43,0.7054,16.239742,1.247475,,,,,
NGC_2477,5538486776335430000,0.5404744,117.9463881,-38.82,0.7174,16.518934,1.3459685,,,,,
NGC_2477,5538884382925320000,0.54036254,118.0424267,-38.38,0.614,19.138517,2.033273,,,,,
NGC_2477,5538112319602340000,0.54028584,118.3482734,-38.64,0.7213,17.519066,1.929955,,,,,
NGC_2477,5538867310436730000,0.54005845,118.211937,-38.51,0.7815,17.214787,1.437283,,,,,
NGC_2477,5538871807260950000,0.54005845,118.1602411,-38.42,0.8026,18.320404,1.83254,,,,,
NGC_2477,5538885001396930000,0.53985155,118.0714883,-38.33,0.7123,13.992994,0.917929,,,,,
NGC_2477,5538869539521100000,0.5397667,118.0787615,-38.53,0.7114,12.022061,1.299633,,,,,
NGC_2477,5538866618940250000,0.5397589,118.1053102,-38.52,0.7975,18.050411,1.67861,,,,,
NGC_2477,5538114041894030000,0.53898781,118.1682557,-38.66,0.6683,14.649656,0.956208,,,,,
NGC_2477,5538109300249750000,0.53873192,118.247519,-38.79,0.7424,17.101076,1.547888,,,,,
NGC_2477,5538492308253130000,0.53871936,117.8285527,-38.66,0.6643,13.746646,0.863636,,,,,
NGC_2477,5538868199488260000,0.53857705,118.1680055,-38.49,0.7212,18.00735,1.658086,,,,,
NGC_2477,5538493201606400000,0.53855981,117.9698477,-38.62,0.7569,16.994905,1.389789,,,,,
NGC_2477,5538504952637190000,0.53846286,117.8210983,-38.57,0.6977,16.47918,1.235867,,,,,
NGC_2477,5538939534608480000,0.53836623,117.7190612,-38.16,0.6595,14.976516,1.057892,,,,,
NGC_2477,5538113938809720000,0.53777755,118.1567235,-38.68,0.7287,19.545702,1.957674,,,,,
NGC_2477,5538490590266320000,0.53760547,118.0203836,-38.63,0.689,15.519254,1.067168,,,,,
NGC_2477,5538884387222650000,0.53745364,118.0310277,-38.39,0.6715,17.760828,1.599197,,,,,
NGC_2477,5538871498019770000,0.53710703,118.1189577,-38.44,0.6745,13.128572,0.834981,,,,,
NGC_2477,5538865832968130000,0.53704147,118.0961836,-38.6,0.6326,16.250803,1.211342,,,,,
NGC_2477,5538887994999080000,0.53668372,117.8112935,-38.3,0.6832,13.746354,0.806957,,,,,
NGC_2477,5538101466229580000,0.53663911,118.6378461,-38.7,0.6862,17.14687,1.549532,,,,,
NGC_2477,5538105486318990000,0.5362059,118.564481,-38.64,0.6951,17.61313,1.716129,,,,,
NGC_2477,5538882875398320000,0.53608326,118.0137252,-38.41,0.6511,16.154783,1.221927,,,,,
NGC_2477,5538504505960230000,0.535965,117.8174928,-38.63,0.7475,14.818546,1.118179,,,,,
NGC_2477,5538870020554460000,0.53565585,118.0744809,-38.46,0.6874,16.210934,1.237943,,,,,
NGC_2477,5538115721216640000,0.53490862,118.3516724,-38.56,0.6991,14.216034,1.012081,,,,,
NGC_2477,5538505330593870000,0.53490214,117.7084909,-38.6,0.6525,15.120055,1.098965,,,,,
NGC_2477,5538492338307530000,0.53488941,117.8057168,-38.66,0.7072,18.014746,1.648565,,,,,
NGC_2477,5538883180334510000,0.53475906,117.9963564,-38.37,0.7519,18.111898,1.788719,,,,,
NGC_2477,5538492819344040000,0.53472497,117.8663772,-38.62,0.6721,17.675787,1.564037,,,,,
NGC_2477,5538487562308010000,0.53451327,117.9017637,-38.79,0.7618,19.441755,2.328381,,,,,
NGC_2477,5538872361315290000,0.53435421,118.0646393,-38.42,0.607,17.625128,1.480989,,,,,
NGC_2477,5538490452827500000,0.53430639,118.0599053,-38.62,0.7223,12.050068,1.475408,,,,,
NGC_2477,5538116137838030000,0.53427988,118.2512034,-38.59,0.7521,18.374119,1.871053,,,,,
NGC_2477,5538871296166410000,0.53403489,118.1253447,-38.45,0.7814,17.660736,1.563209,,,,,
NGC_2477,5538936717109900000,0.53387843,117.7777945,-38.17,0.6829,14.225174,0.8569905,,,,,
NGC_2477,5538509277659400000,0.5338023,117.7122635,-38.48,0.716,20.089655,1.755506,,,,,
NGC_2477,5538867172997800000,0.53350212,118.1916009,-38.53,0.6611,13.01443,0.760663,,,,,
NGC_2477,5538552025480110000,0.53338875,117.5381562,-38.43,0.6987,15.91751,1.103233,,,,,
NGC_2477,5538866344069880000,0.53332975,118.1227024,-38.55,0.7699,12.308266,0.7399575,,,,,
NGC_2477,5538113526497920000,0.5333024,118.2717917,-38.65,0.6609,16.213232,1.459789,,,,,
NGC_2477,5538866962537600000,0.53315947,118.2468024,-38.54,0.6175,18.177708,1.698358,,,,,
NGC_2477,5538867207357520000,0.53311167,118.2150555,-38.52,0.6316,16.99776,1.384552,,,,,
NGC_2477,5538509007086330000,0.53309549,117.730572,-38.5,0.6423,15.760143,1.103834,,,,,
NGC_2477,5538870334090030000,0.53284707,118.0128575,-38.49,0.6206,19.529875,2.678249,,,,,
NGC_2477,5538561886724970000,0.53221312,117.5641347,-38.31,0.7025,13.478254,0.668601,,,,,
NGC_2477,5538881741526500000,0.5321333,118.2998345,-38.17,0.6985,15.205746,1.12017,,,,,
NGC_2477,5538122185152100000,0.53199382,118.4292997,-38.49,0.73,15.803749,1.260335,,,,,
NGC_2477,5538111877230440000,0.53193196,118.361946,-38.65,0.7172,17.77356,1.781313,,,,,
NGC_2477,5538870299734140000,0.53190061,118.0005984,-38.48,0.7635,17.763725,1.54509,,,,,
NGC_2477,5538494026236080000,0.53176582,117.9978756,-38.56,0.7814,18.508831,1.827291,,,,,
NGC_2477,5538503028493560000,0.53162868,117.5795601,-38.59,0.6907,17.563196,1.462139,,,,,
NGC_2477,5538095865592080000,0.53158526,118.4154796,-38.86,0.6712,13.897515,0.969264,,,,,
NGC_2477,5538864733456500000,0.53157208,118.1472392,-38.66,0.7093,16.669712,1.298009,,,,,
NGC_2477,5538872838053240000,0.53152589,118.1253064,-38.38,0.7675,17.63833,1.63664,,,,,
NGC_2477,5538493613916980000,0.53137489,117.9962837,-38.6,0.7553,14.371386,0.89253,,,,,
NGC_2477,5538885177500650000,0.53136493,118.1025132,-38.28,0.6824,15.209829,1.158375,,,,,
NGC_2477,5538872601832270000,0.53130646,118.0711289,-38.39,0.7474,18.20845,1.769009,,,,,
NGC_2477,5538507112995880000,0.53121708,117.9031886,-38.48,0.8046,17.929247,1.767432,,,,,
NGC_2477,5538869092844500000,0.53121708,118.0360409,-38.54,0.809,18.320404,1.794581,,,,,
NGC_2477,5538494743489720000,0.53121708,117.97149,-38.54,0.7825,17.624178,1.497656,,,,,
NGC_2477,5537732541415910000,0.53110946,118.2294494,-38.89,0.6686,16.26861,1.333437,,,,,
NGC_2477,5538872563175230000,0.53101218,118.0592331,-38.41,0.7546,17.338795,1.481216,,,,,
NGC_2477,5538878129453050000,0.53098888,118.1808029,-38.35,0.6727,18.541538,1.936281,,,,,
NGC_2477,5538883214694250000,0.53090526,117.9819941,-38.37,0.6353,17.236252,1.493172,,,,,
NGC_2477,5538870712053770000,0.53081906,118.024296,-38.47,0.7573,18.06672,1.696819,,,,,
NGC_2477,5538501924674630000,0.53081279,117.6320855,-38.64,0.6995,18.10111,1.995935,,,,,
NGC_2477,5538882669239980000,0.5306689,117.939172,-38.43,0.7988,17.048409,1.433415,,,,,
NGC_2477,5538867516595110000,0.53064116,118.2920187,-38.5,0.688,16.124813,1.246422,,,,,
NGC_2477,5538487184349020000,0.53052991,117.9791188,-38.79,0.7368,12.365332,1.106277,,,,,
NGC_2477,5538490139284290000,0.53037322,117.9860982,-38.66,0.7414,18.995321,2.041054,,,,,
NGC_2477,5538892629261840000,0.53023187,118.1182495,-38.2,0.6615,18.479923,1.843784,,,,,
NGC_2477,5538865141471390000,0.53016565,118.1613119,-38.62,0.7866,18.574997,1.836623,,,,,
NGC_2477,5538507460898080000,0.53015092,117.8248928,-38.48,0.7337,16.935974,1.315199,,,,,
NGC_2477,5538122872346650000,0.53006178,118.350509,-38.46,0.72,15.941536,1.2312235,,,,,
NGC_2477,5538884490305960000,0.52967043,118.0429018,-38.36,0.6273,15.85254,1.222564,,,,,
NGC_2477,5538504986996510000,0.52964657,117.8006993,-38.56,0.7483,13.086428,0.6680005,,,,,
NGC_2477,5538882394362060000,0.52921697,117.9653121,-38.45,0.703,17.376093,1.496044,,,,,
NGC_2477,5538494816516210000,0.52900738,117.9550319,-38.54,0.8073,11.900023,1.41243,,,,,
NGC_2477,5538485161427600000,0.52896922,117.8283302,-38.75,0.738,12.339968,1.6063105,,,,,
NGC_2477,5537731858523690000,0.52868732,118.1184532,-38.91,0.661,13.415372,0.702641,,,,,
NGC_2477,5537718904902480000,0.52856248,118.2949479,-39.05,0.6913,14.406436,0.99978,,,,,
NGC_2477,5537720691608830000,0.5285445,118.313498,-38.93,0.6714,15.648296,1.23897,,,,,
NGC_2477,5538113767015730000,0.52810227,118.1886457,-38.7,0.6941,17.402756,1.491272,,,,,
NGC_2477,5538885040061720000,0.52804323,118.0808395,-38.31,0.7409,16.746693,1.368283,,,,,
NGC_2477,5538867825835830000,0.52801137,118.2474643,-38.46,0.6504,15.246957,1.135728,,,,,
NGC_2477,5538118195117700000,0.52790389,118.465403,-38.59,0.6869,17.001787,1.675004,,,,,
NGC_2477,5538105074002350000,0.52789793,118.5380924,-38.67,0.6769,14.463519,1.144032,,,,,
NGC_2477,5538485161427610000,0.52746809,117.8274168,-38.76,0.6952,14.682925,1.055033,,,,,
NGC_2477,5538491414900000000,0.52739652,117.9051436,-38.68,0.7157,16.581676,1.336185,,,,,
NGC_2477,5537732683157980000,0.52735764,118.2757281,-38.9,0.7063,18.493767,1.896352,,,,,
NGC_2477,5537735771230830000,0.52729026,117.9750637,-38.85,0.7097,16.084595,1.202466,,,,,
NGC_2477,5537724299381300000,0.52710848,118.0966559,-39.05,0.6822,14.240084,0.892785,,,,,
NGC_2477,5537734190679770000,0.5269273,118.2275327,-38.81,0.6177,18.83737,2.108345,,,,,
NGC_2477,5538118027623560000,0.52688787,118.4335483,-38.63,0.722,16.223679,1.36136,,,,,
NGC_2477,5538104627325540000,0.52688787,118.5765806,-38.69,0.7005,17.179035,1.648877,,,,,
NGC_2477,5538867993329820000,0.52664191,118.1781,-38.5,0.6331,17.31089,1.483987,,,,,
NGC_2477,5538116820728320000,0.52652254,118.3083135,-38.52,0.7631,18.149427,1.710205,,,,,
NGC_2477,5538887926279600000,0.52638639,117.8337042,-38.29,0.7187,16.000269,1.205113,,,,,
NGC_2477,5538113079821340000,0.52621471,118.2625973,-38.72,0.7549,16.76389,1.387564,,,,,
NGC_2477,5538869848752340000,0.52617359,118.0663243,-38.49,0.6964,12.66901,0.728206,,,,,
NGC_2477,5538865523726340000,0.5261347,118.1481416,-38.57,0.7851,18.54621,1.993467,,,,,
NGC_2477,5538872533116980000,0.52568114,118.1028654,-38.39,0.6125,17.236692,1.520521,,,,,
NGC_2477,5538505188855070000,0.52558646,117.7542745,-38.6,0.6896,18.265175,1.759691,,,,,
NGC_2477,5538511824584750000,0.52546566,117.7635088,-38.39,0.7033,15.5834,1.047284,,,,,
NGC_2477,5538884696464410000,0.52546552,118.0155769,-38.35,0.7862,13.1554165,0.922984,,,,,
NGC_2477,5538885379358070000,0.52532629,118.0928706,-38.29,0.6287,17.56131,1.584242,,,,,
NGC_2477,5538489250236630000,0.52526842,118.1030485,-38.7,0.7644,15.126849,1.117213,,,,,
NGC_2477,5538497668372250000,0.52513684,117.681088,-38.73,0.6678,14.264422,0.893743,,,,,
NGC_2477,5538115862960120000,0.52482211,118.2720207,-38.61,0.7633,12.699836,1.684423,,,,,
NGC_2477,5538114935247170000,0.52450895,118.3127795,-38.64,0.6792,15.1389,1.29149,,,,,
NGC_2477,5538868203789960000,0.52447134,118.1547628,-38.49,0.6576,13.027491,0.74019,,,,,
NGC_2477,5538506533184750000,0.52432133,117.8421242,-38.53,0.7095,14.6977215,0.964404,,,,,
NGC_2477,5538882256920700000,0.52413497,117.9460916,-38.47,0.7541,19.45774,2.169229,,,,,
NGC_2477,5538884073687820000,0.52388537,117.9746894,-38.34,0.765,18.32902,1.759382,,,,,
NGC_2477,5538865347629850000,0.52375683,118.1738331,-38.58,0.767,18.857334,1.986915,,,,,
NGC_2477,5538109884365670000,0.52368282,118.2942631,-38.74,0.7675,16.575495,1.47015,,,,,
NGC_2477,5538495778586660000,0.5236413,117.6346041,-38.81,0.6688,16.074327,1.314389,,,,,
NGC_2477,5538873456528270000,0.52363535,118.2915404,-38.47,0.7206,18.733562,1.993215,,,,,
NGC_2477,5538486776335430000,0.523598,117.9502291,-38.81,0.6781,14.376799,0.927164,,,,,
NGC_2477,5538104902203490000,0.52359274,118.5070668,-38.7,0.6999,13.421273,1.017784,,,,,
NGC_2477,5538935651958000000,0.52349274,117.8445987,-38.22,0.6678,17.177588,1.413601,,,,,
NGC_2477,5538122734907720000,0.52324488,118.3310782,-38.48,0.633,16.332375,1.332688,,,,,
NGC_2477,5538869573874440000,0.52316823,118.0910637,-38.52,0.7157,14.436406,0.816527,,,,,
NGC_2477,5538487738408030000,0.52305955,117.8747482,-38.79,0.6523,15.697599,1.157707,,,,,
NGC_2477,5538123177279030000,0.52294854,118.3965631,-38.44,0.7142,12.479469,0.925954,,,,,
NGC_2477,5538868096409040000,0.52291313,118.1816128,-38.5,0.7768,17.40984,1.510245,,,,,
NGC_2477,5538504364216100000,0.52254029,117.7749488,-38.62,0.6532,18.30764,1.87447,,,,,
NGC_2477,5538879950518300000,0.52252444,118.2110238,-38.22,0.7001,17.822485,1.708768,,,,,
NGC_2477,5538868169430230000,0.52249858,118.1516709,-38.51,0.7056,17.507019,1.510908,,,,,
NGC_2477,5537736561507850000,0.52243742,118.1082757,-38.85,0.6563,17.92997,1.875433,,,,,
NGC_2477,5538494782150320000,0.52236757,117.9887142,-38.54,0.6264,19.74911,2.223905,,,,,
NGC_2477,5538871227446940000,0.52226244,118.1328734,-38.47,0.6976,14.450429,0.9661375,,,,,
NGC_2477,5538508045013580000,0.52200066,117.8829485,-38.43,0.6592,19.074787,2.019284,,,,,
NGC_2477,5538869990496400000,0.52190662,118.0854582,-38.47,0.6777,15.006313,1.018678,,,,,
NGC_2477,5538098202054520000,0.52163373,118.5167449,-38.74,0.7079,15.807597,1.2903745,,,,,
NGC_2477,5538882390060330000,0.52156752,117.964827,-38.44,0.6853,19.067732,2.163185,,,,,
NGC_2477,5538494984009580000,0.52151442,117.92221,-38.53,0.6784,15.958637,1.145015,,,,,
NGC_2477,5538871674123530000,0.52140264,118.1100682,-38.42,0.6197,16.688765,1.396999,,,,,
NGC_2477,5538498080689140000,0.52138809,117.7601751,-38.68,0.6879,13.821911,0.894044,,,,,
NGC_2477,5538870261072580000,0.52124298,118.029099,-38.48,0.6057,19.224737,2.037338,,,,,
NGC_2477,5538867993326470000,0.5211716,118.165527,-38.5,0.7065,12.282753,0.9590205,,,,,
NGC_2477,5538936339152840000,0.52076825,117.7089449,-38.21,0.6591,15.419142,1.0407955,,,,,
NGC_2477,5538869608240580000,0.5206817,118.0710587,-38.51,0.5978,18.72531,2.069799,,,,,
NGC_2477,5538100435437670000,0.52031817,118.6059177,-38.81,0.6907,14.361705,1.037308,,,,,
NGC_2477,5538864866594900000,0.52020151,118.1023336,-38.65,0.7031,12.315402,0.842092,,,,,
NGC_2477,5538494713435100000,0.52002375,117.9478571,-38.55,0.8247,18.128235,1.896077,,,,,
NGC_2477,5538887307804280000,0.52001911,117.933092,-38.3,0.7186,15.828706,1.237755,,,,,
NGC_2477,5538868233844630000,0.51996913,118.1370369,-38.49,0.6935,12.592129,0.956963,,,,,
NGC_2477,5538866588878340000,0.51982527,118.0929032,-38.53,0.72,18.65061,1.926701,,,,,
NGC_2477,5538109364664410000,0.51976455,118.269778,-38.79,0.7306,17.724604,1.748193,,,,,
NGC_2477,5538119127135100000,0.51973459,118.5546899,-38.58,0.7199,16.838669,1.543821,,,,,
NGC_2477,5538872567476770000,0.51971843,118.059407,-38.42,0.7368,15.238509,1.089136,,,,,
NGC_2477,5537730484134220000,0.5195456,118.1767081,-39,0.6995,15.155011,1.129821,,,,,
NGC_2477,5538507525312620000,0.51954518,117.7963424,-38.5,0.6686,17.37368,1.504839,,,,,
NGC_2477,5538494060600120000,0.51899999,117.9118546,-38.62,0.7444,16.921494,1.329598,,,,,
NGC_2477,5538891117434460000,0.5189952,118.145808,-38.27,0.6778,18.08178,1.800157,,,,,
NGC_2477,5538114312467160000,0.51876875,118.2354405,-38.64,0.6227,16.728045,1.463649,,,,,
NGC_2477,5538124899571150000,0.51830882,118.4136219,-38.41,0.6734,16.485315,1.292658,,,,,
NGC_2477,5538882325642640000,0.51829639,117.9765417,-38.46,0.7782,17.649841,1.632526,,,,,
NGC_2477,5538889846120170000,0.51820482,117.989931,-38.17,0.6671,15.000673,1.240674,,,,,
NGC_2477,5538557282521320000,0.51802648,117.6378103,-38.43,0.7282,15.269527,0.957258,,,,,
NGC_2477,5538558175873010000,0.51783644,117.5222668,-38.4,0.6874,14.058755,0.793973,,,,,
NGC_2477,5538116202252920000,0.51746501,118.2360194,-38.58,0.6147,18.873547,2.05889,,,,,
NGC_2477,5538873323390920000,0.51726394,118.1115743,-38.32,0.7356,17.515059,1.557348,,,,,
NGC_2477,5538869028423830000,0.51726344,118.050982,-38.56,0.798,16.275436,1.196548,,,,,
NGC_2477,5538868749244170000,0.51726252,118.2028168,-38.45,0.6104,18.67923,1.996075,,,,,
NGC_2477,5538881191770720000,0.51723181,118.2577304,-38.21,0.7093,13.35059,1.0009615,,,,,
NGC_2477,5538123250298280000,0.51720954,118.3667013,-38.46,0.678,18.840242,1.568975,,,,,
NGC_2477,5538869097143300000,0.51715401,118.0466942,-38.55,0.7261,13.010405,0.777023,,,,,
NGC_2477,5537738451287320000,0.51714136,118.1093345,-38.73,0.6196,16.516403,1.41901,,,,,
NGC_2477,5537720932126970000,0.51701629,118.2821092,-38.91,0.6924,15.337808,1.2435055,,,,,
NGC_2477,5538874796558270000,0.51698445,118.2442221,-38.4,0.7476,17.865164,1.705469,,,,,
NGC_2477,5538114591649820000,0.51696539,118.2150428,-38.62,0.7265,16.975798,1.45638,,,,,
NGC_2477,5538869475097280000,0.51691318,118.0178774,-38.52,0.8085,18.753191,1.476321,,,,,
NGC_2477,5538559309744540000,0.5168892,117.6704981,-38.34,0.6752,15.972924,1.1044445,,,,,
NGC_2477,5538494571691020000,0.51683189,117.9068488,-38.55,0.648,15.301984,1.031504,,,,,
NGC_2477,5538490315388440000,0.51683189,118.0348689,-38.64,0.6309,15.27432,1.189692,,,,,
NGC_2477,5538113835730490000,0.51679364,118.1735998,-38.69,0.651,20.126123,-0.100775,,,,,
NGC_2477,5538098820529840000,0.51674638,118.479612,-38.76,0.7111,17.16239,1.544996,,,,,
NGC_2477,5538888819632760000,0.51656153,117.962077,-38.28,0.6493,17.284693,1.521137,,,,,
NGC_2477,5538869784337970000,0.51650067,118.09761,-38.48,0.692,15.138773,1.035649,,,,,
NGC_2477,5538883906186690000,0.5162387,117.9328105,-38.37,0.6494,20.181196,2.047001,,,,,
NGC_2477,5538493747062220000,0.51582775,118.0186059,-38.57,0.7832,17.79275,1.80313,,,,,
NGC_2477,5538873868845240000,0.51580286,118.2938296,-38.43,0.7508,18.967268,2.058771,,,,,
NGC_2477,5538490414162270000,0.51515617,118.0418696,-38.64,0.6887,17.069584,1.381218,,,,,
NGC_2477,5538115588082170000,0.51442603,118.3315115,-38.59,0.679,15.370127,1.2323985,,,,,
NGC_2477,5538486054780750000,0.51430873,117.7955523,-38.71,0.669,13.561138,0.858668,,,,,
NGC_2477,5538122563109010000,0.51422919,118.366554,-38.5,0.6484,15.72597,1.266692,,,,,
NGC_2477,5538867203055780000,0.51418545,118.2132402,-38.53,0.61,17.489426,1.506098,,,,,
NGC_2477,5538885795975780000,0.51414513,117.9796527,-38.31,0.6826,17.273705,1.555394,,,,,
NGC_2477,5537728250751140000,0.51395963,117.9958259,-39.01,0.6565,16.012861,1.216937,,,,,
NGC_2477,5538885104480130000,0.51386523,118.1098674,-38.3,0.6543,18.816975,2.05529,,,,,
NGC_2477,5538550990381680000,0.51375257,117.5366084,-38.5,0.6782,18.069342,1.642403,,,,,
NGC_2477,5538888372956180000,0.51338811,117.8824635,-38.27,0.6991,15.570596,1.127563,,,,,
NGC_2477,5538114140668430000,0.51336386,118.1659935,-38.65,0.7826,18.398376,1.78348,,,,,
NGC_2477,5538884524661500000,0.51315355,118.0561241,-38.37,0.6926,16.861895,1.228645,,,,,
NGC_2477,5538492819349260000,0.51292459,117.8541416,-38.62,0.6531,18.986834,1.987329,,,,,
NGC_2477,5537737253002870000,0.51285321,118.1814238,-38.78,0.7095,13.933367,1.07917,,,,,
NGC_2477,5538867752811690000,0.51268313,118.2627888,-38.48,0.7627,17.298124,1.468555,,,,,
NGC_2477,5538113350394320000,0.51246467,118.2291566,-38.7,0.6827,18.816154,2.045971,,,,,
NGC_2477,5538113011101880000,0.51226835,118.2022595,-38.7,0.7503,13.7420845,0.994891,,,,,
NGC_2477,5538507495257820000,0.51208801,117.8372138,-38.49,0.6427,15.267577,1.174667,,,,,
NGC_2477,5538500623309650000,0.51197,117.5579672,-38.64,0.6942,14.754964,0.961453,,,,,
NGC_2477,5538870127935470000,0.5119233,118.001143,-38.52,0.604,16.43493,1.3601885,,,,,
NGC_2477,5538872430037780000,0.5119233,118.104977,-38.42,0.5922,17.255388,1.55538,,,,,
NGC_2477,5538507971989540000,0.51187994,117.8971975,-38.44,0.6351,15.690816,1.153084,,,,,
NGC_2477,5538111396194070000,0.5117409,118.4352223,-38.65,0.6823,14.146494,1.033155,,,,,
NGC_2477,5537717388770280000,0.51162319,118.2779852,-39.09,0.6868,15.338451,1.146902,,,,,
NGC_2477,5537729178463980000,0.51154934,117.8839207,-38.95,0.716,15.404348,1.362999,,,,,
NGC_2477,5537738249435290000,0.51149696,118.1266391,-38.74,0.6905,14.617853,1.135982,,,,,
NGC_2477,5538865832968130000,0.5114352,118.1028224,-38.61,0.7342,11.9040985,1.2839715,,,,,
NGC_2477,5538487257371750000,0.51130417,117.9595461,-38.77,0.7041,15.993019,1.247172,,,,,
NGC_2477,5538494296812990000,0.5112418,117.9294289,-38.57,0.8157,17.678013,1.526703,,,,,
NGC_2477,5538111048291870000,0.51121529,118.4684501,-38.69,0.7445,17.350754,1.65102,,,,,
NGC_2477,5538489559474240000,0.51113483,118.0883477,-38.66,0.6161,15.533988,1.2010425,,,,,
NGC_2477,5538115343259400000,0.51106294,118.3344107,-38.61,0.6439,15.930211,1.300124,,,,,
NGC_2477,5538486978192390000,0.51103756,117.9740937,-38.8,0.6621,17.88341,1.681633,,,,,
NGC_2477,5538511442323340000,0.51102905,117.789847,-38.39,0.7355,18.272312,1.743679,,,,,
NGC_2477,5537738176415580000,0.51067431,118.1305685,-38.75,0.6722,19.096443,2.087812,,,,,
NGC_2477,5538503505222990000,0.51056026,117.6022865,-38.55,0.6467,18.785543,2.004178,,,,,
NGC_2477,5538503303369210000,0.51037442,117.562377,-38.56,0.681,14.583434,0.971647,,,,,
NGC_2477,5538506979861720000,0.50984826,117.883351,-38.51,0.7187,15.645368,1.131652,,,,,
NGC_2477,5538121802890400000,0.50975984,118.3816231,-38.51,0.7568,17.440676,1.62615,,,,,
NGC_2477,5538493751362400000,0.5096534,118.0106897,-38.57,0.7821,17.606752,1.487924,,,,,
NGC_2477,5538870776468700000,0.50965211,118.0611432,-38.46,0.7689,19.07322,2.325592,,,,,
NGC_2477,5538866481501290000,0.50951077,118.145798,-38.52,0.7376,18.245832,1.791124,,,,,
NGC_2477,5538114351131650000,0.50946242,118.2478725,-38.64,0.7021,15.5042095,1.306263,,,,,
NGC_2477,5537720279291940000,0.50943091,118.2256821,-38.98,0.7101,16.421162,1.3129285,,,,,
NGC_2477,5538890571979390000,0.50921527,117.9681674,-38.17,0.6863,13.075726,1.026466,,,,,
NGC_2477,5538489044078160000,0.50901652,118.0262452,-38.71,0.6478,17.995432,1.6522,,,,,
NGC_2477,5538115553722440000,0.5085693,118.3177672,-38.6,0.6349,17.061483,1.510796,,,,,
NGC_2477,5538494919593530000,0.5083822,117.9445225,-38.54,0.6582,15.154225,1.006892,,,,,
NGC_2477,5538491346180540000,0.50816674,117.916995,-38.7,0.6692,14.16599,0.9854415,,,,,
NGC_2477,5538098889249310000,0.50804428,118.4798135,-38.75,0.674,14.088056,1.085666,,,,,
NGC_2477,5538935682013980000,0.5079273,117.8504086,-38.2,0.7143,18.170479,1.743166,,,,,
NGC_2477,5538507873214920000,0.50766043,117.849327,-38.47,0.6689,15.629039,1.121187,,,,,
NGC_2477,5538882806678870000,0.50758265,117.987586,-38.42,0.6869,13.74829,0.906041,,,,,
NGC_2477,5538115755576340000,0.50722063,118.3330861,-38.57,0.692,18.522877,1.866358,,,,,
NGC_2477,5538119230214290000,0.50706968,118.5687183,-38.55,0.6616,17.071917,1.631108,,,,,
NGC_2477,5538869956136840000,0.50703798,118.0796644,-38.47,0.6053,16.429838,1.342036,,,,,
NGC_2477,5538110640281830000,0.50676647,118.3856842,-38.73,0.6453,19.422796,2.478559,,,,,
NGC_2477,5537731373184160000,0.50676161,118.0581595,-38.96,0.7111,18.962294,2.040199,,,,,
NGC_2477,5538866687659720000,0.50666819,118.1365982,-38.53,0.5908,18.66286,2.00275,,,,,
NGC_2477,5538484611673930000,0.50654005,117.7811187,-38.81,0.6635,14.136322,0.881594,,,,,
NGC_2477,5538121528012440000,0.50625647,118.4031773,-38.54,0.7396,17.9193,1.716057,,,,,
NGC_2477,5538869298999810000,0.50623253,118.0245427,-38.54,0.7499,18.100124,1.693978,,,,,
NGC_2477,5537727834131700000,0.50617928,117.9718086,-39.02,0.668,19.23256,1.982395,,,,,
NGC_2477,5538489005412820000,0.50592848,118.045341,-38.7,0.6645,18.912308,2.036807,,,,,
NGC_2477,5538091742423500000,0.50568019,118.4389016,-38.98,0.687,17.156635,1.390012,,,,,
NGC_2477,5538892049448070000,0.50555083,118.1625548,-38.17,0.6926,14.240743,1.0729365,,,,,
NGC_2477,5538871536684600000,0.50552176,118.0943368,-38.44,0.7028,14.703814,1.02239,,,,,
NGC_2477,5538103665252750000,0.50546963,118.7277475,-38.62,0.701,17.345676,1.595587,,,,,
NGC_2477,5538489039772550000,0.50545153,118.0200222,-38.7,0.7792,18.991692,1.959471,,,,,
NGC_2477,5538494060593220000,0.50533837,117.8998938,-38.63,0.7659,18.954708,2.171725,,,,,
NGC_2477,5538507838855180000,0.50507769,117.8669974,-38.47,0.6293,13.229771,0.874765,,,,,
NGC_2477,5537732030322650000,0.50486498,118.1211564,-38.9,0.6896,13.769888,0.788855,,,,,
NGC_2477,5538871090008040000,0.50479988,118.048759,-38.43,0.7135,18.03812,1.702372,,,,,
NGC_2477,5538486364018590000,0.5047312,117.950074,-38.85,0.6995,14.728829,0.965925,,,,,
NGC_2477,5538867684092180000,0.50453344,118.2249289,-38.49,0.718,18.290188,1.859766,,,,,
NGC_2477,5538491414900000000,0.504448,117.8964973,-38.69,0.6627,15.452855,1.134891,,,,,
NGC_2477,5538504643399180000,0.50438361,117.8423142,-38.59,0.7284,17.494831,1.655638,,,,,
NGC_2477,5538879095822460000,0.50405139,118.183164,-38.3,0.6042,18.368624,1.770778,,,,,
NGC_2477,5538506838117820000,0.50400213,117.9343445,-38.51,0.5883,17.591978,1.538943,,,,,
NGC_2477,5538130225331580000,0.50389542,118.7398191,-38.55,0.6766,14.994317,1.245783,,,,,
NGC_2477,5538124723467260000,0.503681,118.4277435,-38.41,0.6534,13.230939,0.8281855,,,,,
NGC_2477,5538869475100410000,0.50364173,118.0313005,-38.51,0.7139,15.943212,1.170843,,,,,
NGC_2477,5538869127204240000,0.50355242,118.0608719,-38.56,0.7567,14.759742,0.984858,,,,,
NGC_2477,5538099262901140000,0.5034756,118.4569327,-38.7,0.6989,13.095503,1.276923,,,,,
NGC_2477,5538869578179560000,0.50319904,118.0945667,-38.51,0.7541,14.30807,0.895341,,,,,
NGC_2477,5538869608240580000,0.50310195,118.0686293,-38.51,0.7848,18.241611,1.762724,,,,,
NGC_2477,5538882355700560000,0.50310195,117.9796874,-38.45,0.7962,17.99575,1.703289,,,,,
NGC_2477,5537731514926300000,0.50306888,118.0886606,-38.94,0.7536,17.561941,1.554632,,,,,
NGC_2477,5538486016120090000,0.50305999,117.7828448,-38.73,0.6622,17.624777,1.717597,,,,,
NGC_2477,5538869028423830000,0.50258823,118.0515317,-38.56,0.6296,15.802858,1.083521,,,,,
NGC_2477,5538492617491120000,0.50258823,117.8768418,-38.63,0.6137,15.74125,1.144272,,,,,
NGC_2477,5538869646899050000,0.50251883,118.0813532,-38.51,0.7654,16.116053,1.165899,,,,,
NGC_2477,5538866962534330000,0.50249006,118.24945,-38.54,0.6023,13.533464,0.789275,,,,,
NGC_2477,5538884249787870000,0.50236867,117.9528847,-38.34,0.7999,16.142601,1.27815,,,,,
NGC_2477,5537666918616880000,0.50212386,118.5473613,-39.15,0.6995,14.412598,0.798446,,,,,
NGC_2477,5537729964434660000,0.50212369,118.1040879,-39.04,0.652,16.570847,1.25394,,,,,
NGC_2477,5538481519295400000,0.50206786,117.8522372,-38.84,0.7312,15.694476,1.182883,,,,,
NGC_2477,5538871326224540000,0.50197826,118.1515742,-38.46,0.7818,17.838207,1.65047,,,,,
NGC_2477,5538891461030650000,0.50188687,118.114512,-38.22,0.7051,17.971354,1.830465,,,,,
NGC_2477,5538879336345100000,0.50178194,118.180214,-38.29,0.7447,16.754759,1.424061,,,,,
NGC_2477,5538871055648320000,0.50142383,118.0320037,-38.44,0.7405,16.300768,1.323998,,,,,
NGC_2477,5538110876493090000,0.50141047,118.4305561,-38.72,0.7086,16.328783,1.445421,,,,,
NGC_2477,5538885894754160000,0.50135126,117.9970374,-38.28,0.6672,19.301308,2.15497,,,,,
NGC_2477,5538114965302230000,0.50133388,118.3303521,-38.62,0.6344,17.516047,1.611044,,,,,
NGC_2477,5538510003518210000,0.50133255,117.6831946,-38.47,0.6291,15.810668,1.128821,,,,,
NGC_2477,5538560168737990000,0.50121194,117.6617531,-38.31,0.6945,12.571885,0.719067,,,,,
NGC_2477,5538504024923870000,0.50117666,117.7578887,-38.66,0.6341,15.389201,1.142059,,,,,
NGC_2477,5538871433605340000,0.50058434,118.1535987,-38.43,0.6991,17.775183,1.665358,,,,,
NGC_2477,5538102978058040000,0.50050232,118.6626529,-38.67,0.6816,16.51943,1.512711,,,,,
NGC_2477,5538865759946690000,0.50034377,118.0663405,-38.61,0.7826,19.11324,2.083587,,,,,
NGC_2477,5538866485803070000,0.5000143,118.1401884,-38.53,0.654,14.481301,0.945744,,,,,